date,ticker,open,high,low,close,volume
2020-01-02,PTC,75.43,76.9,74.98,76.37,538683
2020-01-03,PTC,75.34,75.77,74.88,75.425,311155
2020-01-06,PTC,74.76,76.31,74.61,76.27,380525
2020-01-07,PTC,76.13,76.98,75.62,75.92,400188
2020-01-08,PTC,75.99,77.49,75.555,76.98,742997
2020-01-09,PTC,77.87,78.19,76.875,77.33,538585
2020-01-10,PTC,77.53,77.87,76.47,76.75,397369
2020-01-13,PTC,76.74,77.28,76.58,77.22,520227
2020-01-14,PTC,77.11,78.14,76.75,77.97,651480
2020-01-15,PTC,78.04,79.565,78.04,79.17,1278947
2020-01-16,PTC,79.86,81.12,79.73,80.82,817785
2020-01-17,PTC,81.07,81.99,79.59,80.14,708033
2020-01-21,PTC,79.9,80.34,78.69,78.87,881432
2020-01-22,PTC,79.39,80.76,79.09,79.95,1099604
2020-01-23,PTC,85.51,88.86,82.88,85.07,3297932
2020-01-24,PTC,85.59,88.354,85.25,86.05,1538227
2020-01-27,PTC,84.25,84.74,83.05,84.2,1000507
2020-01-28,PTC,84.73,85.89,84.13,84.41,1120984
2020-01-29,PTC,84.62,85.42,82.95,83.43,553961
2020-01-30,PTC,84.15,84.88,83.26,84.79,589823
2020-01-31,PTC,84.71,85.16,82.66,83.12,926685
2020-02-03,PTC,83.13,85.235,82.96,84.91,578693
2020-02-04,PTC,85.9,87.25,85.43,87.11,459987
2020-02-05,PTC,88.04,88.04,85.92,86.38,381181
2020-02-06,PTC,86.44,86.79,85.66,85.82,409283
2020-02-07,PTC,85.54,85.57,83.94,84.03,529375
2020-02-10,PTC,83.66,85.71,83.5,85.66,537083
2020-02-11,PTC,86.54,86.69,85.12,86.08,380493
2020-02-12,PTC,86.42,87.27,85.97,87.22,414076
2020-02-13,PTC,86.44,87.675,86.44,86.94,468060
2020-02-14,PTC,86.89,87.74,86.62,87.35,362528
2020-02-18,PTC,87.28,87.61,86.52,87.36,510930
2020-02-19,PTC,87.99,88.56,87.46,88.45,416531
2020-02-20,PTC,88.31,89.07,87.235,88.38,420790
2020-02-21,PTC,88.36,88.72,87.18,88.62,702830
2020-02-24,PTC,84.8,86.1,83.38,85.65,816656
2020-02-25,PTC,86.18,86.3081,80.1,81.32,1128039
2020-02-26,PTC,81.36,83.29,79.87,80.43,743004
2020-02-27,PTC,77.93,79.09,75.19,76.03,1050746
2020-02-28,PTC,72.88,76.19,72.82,75.55,1309434
2020-03-02,PTC,76.33,76.72,72.91,74.68,1644018
2020-03-03,PTC,74.93,76.02,69.57,70.05,1573850
2020-03-04,PTC,71.42,72.42,69.555,70.82,1660256
2020-03-05,PTC,68.54,70.18,67.78,69.43,1310115
2020-03-06,PTC,67.3,68.18,65.29,66.52,1349677
2020-03-09,PTC,61.3,61.93,58.0,60.29,2298894
2020-03-10,PTC,62.13,63.0,58.0,60.9,1726999
2020-03-11,PTC,59.49,61.09,57.83,59.7,2194172
2020-03-12,PTC,55.42,56.58,53.345,54.17,2104104
2020-03-13,PTC,56.32,57.0,52.15,56.37,1524303
2020-03-16,PTC,50.31,53.58,46.9401,52.87,2098094
2020-03-17,PTC,53.61,54.1499,49.16,52.14,2016902
2020-03-18,PTC,49.11,50.5,45.84,49.06,2066944
2020-03-19,PTC,47.96,50.72,43.9,50.39,2326427
2020-03-20,PTC,50.43,52.7631,48.27,48.45,1458079
2020-03-23,PTC,47.9,49.355,45.36,48.74,1408732
2020-03-24,PTC,51.14,54.66,50.01,53.79,1849986
2020-03-25,PTC,54.76,61.0,52.65,58.77,1691837
2020-03-26,PTC,60.14,62.72,58.85,60.97,1502627
2020-03-27,PTC,58.94,60.11,54.65,59.01,1002388
2020-03-30,PTC,59.24,62.46,58.19,59.27,840442
2020-03-31,PTC,59.46,62.38,58.56,61.21,1779219
2020-04-01,PTC,58.62,60.21,55.52,56.3,1506923
2020-04-02,PTC,55.56,56.34,52.96,54.88,1216125
2020-04-03,PTC,54.68,56.52,54.5,55.0,744800
2020-04-06,PTC,58.02,60.17,57.68,59.59,946767
2020-04-07,PTC,62.39,62.59,58.88,59.31,834656
2020-04-08,PTC,60.38,62.92,59.325,62.45,571489
2020-04-09,PTC,63.77,65.28,62.49,63.94,884020
2020-04-13,PTC,63.48,63.48,61.53,62.35,375227
2020-04-14,PTC,63.39,65.01,63.39,64.5,588569
2020-04-15,PTC,62.28,64.95,61.86,64.47,1382824
2020-04-16,PTC,64.57,65.98,63.64,65.7,1205250
2020-04-17,PTC,66.81,68.69,66.25,66.66,768462
2020-04-20,PTC,64.89,67.88,64.66,66.99,532229
2020-04-21,PTC,65.56,66.27,62.72,62.97,515087
2020-04-22,PTC,64.52,65.125,63.01,64.77,482325
2020-04-23,PTC,64.82,66.51,64.17,64.33,792660
2020-04-24,PTC,64.76,65.32,63.835,65.0,596542
2020-04-27,PTC,65.77,66.69,65.42,66.28,468824
2020-04-28,PTC,67.49,68.24,66.105,66.37,1070606
2020-04-29,PTC,68.0,70.56,67.36,69.96,1552990
2020-04-30,PTC,70.11,71.28,64.5,69.25,2280220
2020-05-01,PTC,68.22,69.16,65.69,66.38,1017516
2020-05-04,PTC,64.98,67.47,64.36,67.19,859104
2020-05-05,PTC,68.54,70.7,67.04,70.32,961732
2020-05-06,PTC,71.21,71.54,69.77,70.41,812298
2020-05-07,PTC,71.25,72.35,70.66,70.86,873076
2020-05-08,PTC,71.72,72.26,70.6,71.55,647117
2020-05-11,PTC,71.23,72.82,70.66,72.22,1187660
2020-05-12,PTC,71.97,72.66,68.34,68.51,684349
2020-05-13,PTC,68.01,68.39,62.46,63.29,1013237
2020-05-14,PTC,62.06,65.21,60.98,64.96,735783
2020-05-15,PTC,64.65,65.69,64.1,65.0,373615
2020-05-18,PTC,66.58,69.42,66.58,68.97,820864
2020-05-19,PTC,69.0,70.42,68.58,68.91,632235
2020-05-20,PTC,69.51,71.51,69.51,70.43,468166
2020-05-21,PTC,70.39,71.08,69.66,69.89,453420
2020-05-22,PTC,70.16,70.5175,69.09,70.21,362838
2020-05-26,PTC,71.35,73.65,70.61,73.32,907611
2020-05-27,PTC,74.9,75.04,72.005,74.94,661992
2020-05-28,PTC,75.62,76.62,74.77,74.9,684091
2020-05-29,PTC,74.88,76.57,74.1201,76.38,920551
2020-06-01,PTC,76.56,79.44,76.26,79.08,820469
2020-06-02,PTC,79.34,80.35,78.13,79.5,614990
2020-06-03,PTC,79.56,81.03,79.11,80.94,488440
2020-06-04,PTC,80.1,80.97,79.67,80.26,576395
2020-06-05,PTC,81.8,84.485,81.04,83.74,696613
2020-06-08,PTC,84.14,84.36,82.514,83.42,1040696
2020-06-09,PTC,82.76,82.76,81.44,81.54,859507
2020-06-10,PTC,82.12,83.06,80.91,81.21,720094
2020-06-11,PTC,78.81,78.81,72.27,72.62,1009826
2020-06-12,PTC,75.04,76.655,73.3,75.16,1127801
2020-06-15,PTC,73.56,77.46,73.41,77.26,503844
2020-06-16,PTC,79.4,80.8,78.305,79.57,692975
2020-06-17,PTC,80.0,80.305,79.07,79.17,624526
2020-06-18,PTC,78.39,79.38,78.25,79.065,426622
2020-06-19,PTC,80.11,80.64,77.79,78.71,880871
2020-06-22,PTC,78.32,78.96,77.22,78.93,412593
2020-06-23,PTC,79.79,81.71,79.45,79.57,617799
2020-06-24,PTC,79.16,79.67,76.84,76.92,566828
2020-06-25,PTC,76.4,77.38,75.65,77.36,625722
2020-06-26,PTC,77.1,77.4418,75.46,75.53,1006732
2020-06-29,PTC,76.09,77.03,74.18,76.44,683352
2020-06-30,PTC,76.45,78.23,75.74,77.79,975037
2020-07-01,PTC,77.93,79.75,77.36,78.44,801121
2020-07-02,PTC,79.51,80.23,78.07,78.27,709594
2020-07-06,PTC,79.52,80.32,78.65,79.08,691616
2020-07-07,PTC,78.3,79.095,76.42,76.59,744723
2020-07-08,PTC,77.1,78.56,76.76,78.5,625229
2020-07-09,PTC,82.0,86.03,81.3,85.0,1678417
2020-07-10,PTC,85.0,85.24,82.59,82.89,782226
2020-07-13,PTC,83.38,83.465,78.17,78.23,782836
2020-07-14,PTC,77.98,78.6,76.15,78.41,1226597
2020-07-15,PTC,79.78,80.92,78.825,80.28,568519
2020-07-16,PTC,82.65,82.65,79.305,80.36,1066182
2020-07-17,PTC,81.02,81.32,79.99,80.75,768347
2020-07-20,PTC,81.08,83.24,81.06,83.03,589039
2020-07-21,PTC,84.91,85.06,83.0,83.15,642654
2020-07-22,PTC,84.16,84.59,83.51,83.83,408043
2020-07-23,PTC,83.51,85.43,82.87,83.61,624466
2020-07-24,PTC,82.6,83.09,80.735,81.46,702043
2020-07-27,PTC,83.0,83.56,81.01,83.14,623809
2020-07-28,PTC,84.0,84.0975,82.09,82.25,610050
2020-07-29,PTC,83.0,84.73,83.0,84.03,608609
2020-07-30,PTC,86.48,86.79,82.12,85.58,1270134
2020-07-31,PTC,88.0,88.8,83.74,85.56,994132
2020-08-03,PTC,85.98,86.99,85.77,86.35,693299
2020-08-04,PTC,86.37,86.96,85.37,86.6,562826
2020-08-05,PTC,87.0,88.85,87.0,87.88,481775
2020-08-06,PTC,87.95,88.73,87.05,88.59,542051
2020-08-07,PTC,88.0,88.61,86.03,86.94,533659
2020-08-10,PTC,86.57,86.96,84.81,85.9,417151
2020-08-11,PTC,86.0,86.68,84.64,84.8,577944
2020-08-12,PTC,85.23,86.83,85.13,85.92,461220
2020-08-13,PTC,86.0,89.15,85.92,88.06,711286
2020-08-14,PTC,87.72,88.01,86.86,87.48,551137
2020-08-17,PTC,88.0,88.92,87.85,88.22,545065
2020-08-18,PTC,88.82,90.53,88.69,89.85,839882
2020-08-19,PTC,89.84,90.36,88.46,88.54,784302
2020-08-20,PTC,88.4,88.425,87.61,88.03,440277
2020-08-21,PTC,87.92,87.92,86.74,87.36,1039734
2020-08-24,PTC,87.84,88.025,86.35,87.1,516869
2020-08-25,PTC,86.85,88.2,86.68,88.14,485846
2020-08-26,PTC,89.54,90.55,87.65,89.78,894250
2020-08-27,PTC,89.75,89.94,88.27,89.42,629278
2020-08-28,PTC,89.87,91.25,89.74,91.15,381080
2020-08-31,PTC,91.15,91.94,90.5015,91.41,763788
2020-09-01,PTC,91.5,95.59,91.38,95.44,773951
2020-09-02,PTC,95.32,97.67,94.765,97.6,748349
2020-09-03,PTC,96.12,96.59,91.82,92.64,1035899
2020-09-04,PTC,92.04,92.06,86.915,87.69,1166076
2020-09-08,PTC,83.9929,88.62,83.9929,86.71,1037649
2020-09-09,PTC,87.74,89.3096,87.05,88.6,500651
2020-09-10,PTC,88.74,91.28,83.64,83.77,1507264
2020-09-11,PTC,83.77,84.17,80.94,82.3,1402953
2020-09-14,PTC,83.32,85.74,83.0,85.4,762797
2020-09-15,PTC,86.25,88.49,86.12,88.32,780270
2020-09-16,PTC,89.35,89.6011,87.66,87.8,574152
2020-09-17,PTC,85.84,86.72,85.06,86.7,804880
2020-09-18,PTC,86.74,87.94,84.59,86.11,1475623
2020-09-21,PTC,84.37,85.35,82.87,85.33,685717
2020-09-22,PTC,85.88,86.59,84.68,85.85,598359
2020-09-23,PTC,85.62,85.76,81.44,81.7,705568
2020-09-24,PTC,81.26,81.755,79.71,80.28,1110106
2020-09-25,PTC,80.15,82.32,79.51,81.68,1240653
2020-09-28,PTC,83.34,83.55,82.27,82.9,542925
2020-09-29,PTC,83.14,84.51,82.3,82.35,603827
2020-09-30,PTC,82.35,83.41,81.68,82.72,935942
2020-10-01,PTC,83.66,84.52,83.205,84.13,851237
2020-10-02,PTC,81.92,83.34,81.17,82.16,667049
2020-10-05,PTC,83.0,83.72,82.08,82.72,800745
2020-10-06,PTC,82.72,84.49,81.03,81.22,814595
2020-10-07,PTC,82.0,83.36,81.12,83.21,1032077
2020-10-08,PTC,83.93,85.21,83.105,84.06,654650
2020-10-09,PTC,84.51,86.55,84.51,85.94,455720
2020-10-12,PTC,86.86,87.83,85.91,87.5,463283
2020-10-13,PTC,87.94,89.45,87.16,87.39,736601
2020-10-14,PTC,88.57,88.6,85.67,85.78,539298
2020-10-15,PTC,84.31,87.94,84.01,87.79,568836
2020-10-16,PTC,88.0,88.88,87.5,87.62,776767
2020-10-19,PTC,88.22,89.26,85.88,86.44,458933
2020-10-20,PTC,86.89,87.98,86.52,87.19,476836
2020-10-21,PTC,87.17,88.365,86.59,86.98,375753
2020-10-22,PTC,86.86,87.68,85.865,86.79,494855
2020-10-23,PTC,87.17,89.38,86.54,89.25,623118
2020-10-26,PTC,88.08,88.6,82.4,83.67,1262464
2020-10-27,PTC,84.25,85.99,83.72,84.26,720432
2020-10-28,PTC,82.26,87.68,79.36,82.47,1636208
2020-10-29,PTC,80.0,87.55,79.5,85.87,2007991
2020-10-30,PTC,83.25,85.28,82.045,83.88,1061677
2020-11-02,PTC,84.6,87.18,84.0214,86.88,761633
2020-11-03,PTC,87.63,92.74,86.49,92.16,1104272
2020-11-04,PTC,92.0,93.28,89.68,92.36,1004466
2020-11-05,PTC,93.32,94.69,93.215,93.94,719865
2020-11-06,PTC,94.0,95.64,92.735,94.84,478113
2020-11-09,PTC,96.66,97.28,92.73,92.91,926898
2020-11-10,PTC,92.69,94.46,89.985,94.24,764427
2020-11-11,PTC,95.0,96.67,94.59,95.31,680665
2020-11-12,PTC,95.38,96.96,94.14,94.68,516892
2020-11-13,PTC,94.91,97.57,94.45,97.21,453302
2020-11-16,PTC,96.59,99.2321,95.6,98.52,697085
2020-11-17,PTC,97.06,99.87,97.06,99.13,883039
2020-11-18,PTC,98.98,99.95,97.77,98.33,681092
2020-11-19,PTC,97.92,100.34,97.34,100.21,613847
2020-11-20,PTC,100.0,102.03,99.35,101.14,466678
2020-11-23,PTC,102.08,103.695,101.0,103.19,475666
2020-11-24,PTC,104.0,104.12,102.21,103.91,626939
2020-11-25,PTC,104.25,106.3,103.62,105.96,645336
2020-11-27,PTC,106.12,108.8,106.04,108.61,387145
2020-11-30,PTC,109.51,110.625,107.57,107.85,914335
2020-12-01,PTC,108.27,108.93,106.95,108.53,730131
2020-12-02,PTC,107.59,107.74,106.35,107.26,597532
2020-12-03,PTC,107.06,109.32,107.01,107.98,462640
2020-12-04,PTC,108.45,110.09,108.45,109.6,596879
2020-12-07,PTC,110.26,111.5,109.1001,111.15,410030
2020-12-08,PTC,111.64,112.04,111.0,111.3,321065
2020-12-09,PTC,113.24,114.03,110.78,111.57,723559
2020-12-10,PTC,111.13,113.04,110.0,112.66,535148
2020-12-11,PTC,111.9,113.68,111.775,112.98,706090
2020-12-14,PTC,113.2,116.23,112.94,113.83,746012
2020-12-15,PTC,114.3,115.5,113.01,114.05,649312
2020-12-16,PTC,115.42,116.79,114.19,115.07,989973
2020-12-17,PTC,116.0,118.52,115.65,118.47,835874
2020-12-18,PTC,119.37,119.97,117.39,118.39,1858581
2020-12-21,PTC,116.74,120.37,115.85,120.14,730441
2020-12-22,PTC,120.49,121.55,119.58,120.02,439212
2020-12-23,PTC,119.98,121.245,118.87,119.17,392551
2020-12-24,PTC,119.82,120.18,119.04,119.85,189409
2020-12-28,PTC,121.36,121.75,118.0,118.81,392789
2020-12-29,PTC,118.8,118.94,116.98,117.77,293448
2020-12-30,PTC,118.76,120.16,118.3,119.51,283281
2020-12-31,PTC,119.6,120.265,118.71,119.61,377783
2021-01-04,PTC,120.07,120.64,116.02,118.18,710615
2021-01-05,PTC,118.06,119.87,117.365,118.51,490316
2021-01-06,PTC,118.03,121.125,117.02,119.0,1352024
2021-01-07,PTC,119.76,125.53,119.76,125.45,706122
2021-01-08,PTC,125.82,129.26,125.82,127.94,1010310
2021-01-11,PTC,126.27,129.87,126.26,129.16,945989
2021-01-12,PTC,130.11,130.95,128.0,128.5,519538
2021-01-13,PTC,128.93,128.95,124.48,124.51,613455
2021-01-14,PTC,124.16,124.85,123.53,124.6,475888
2021-01-15,PTC,124.73,125.11,122.72,124.12,416096
2021-01-19,PTC,125.32,126.64,124.01,125.55,795160
2021-01-20,PTC,127.0,130.53,126.28,130.39,935145
2021-01-21,PTC,131.64,132.33,128.46,129.56,746677
2021-01-22,PTC,129.48,131.27,128.01,130.88,540885
2021-01-25,PTC,132.37,132.83,127.78,130.88,633237
2021-01-26,PTC,131.19,131.95,128.34,129.52,698737
2021-01-27,PTC,127.0,128.442,120.83,120.83,1065029
2021-01-28,PTC,133.9,141.67,131.0,138.33,3847704
2021-01-29,PTC,137.67,137.67,131.97,132.91,918029
2021-02-01,PTC,133.8,138.89,132.93,137.0,880621
2021-02-02,PTC,138.0,140.49,137.05,138.01,760967
2021-02-03,PTC,138.0,139.93,137.0,138.13,579250
2021-02-04,PTC,139.1,141.13,138.18,139.29,544133
2021-02-05,PTC,140.01,142.915,140.01,142.73,739144
2021-02-08,PTC,144.43,144.83,141.89,142.92,617925
2021-02-09,PTC,143.74,144.9,142.955,144.05,569621
2021-02-10,PTC,144.67,146.63,143.64,144.73,554003
2021-02-11,PTC,145.28,145.7855,142.77,143.65,672561
2021-02-12,PTC,143.5,143.93,142.08,142.72,566130
2021-02-16,PTC,143.35,146.43,143.0,146.13,701146
2021-02-17,PTC,144.95,144.95,142.2564,144.19,459100
2021-02-18,PTC,142.37,144.61,139.38,143.21,503015
2021-02-19,PTC,144.36,147.67,143.96,146.73,467905
2021-02-22,PTC,144.44,145.73,142.64,142.95,473882
2021-02-23,PTC,139.1955,140.68,135.08,140.13,761812
2021-02-24,PTC,139.26,143.165,137.27,142.33,831302
2021-02-25,PTC,140.68,141.6,133.56,134.48,620898
2021-02-26,PTC,135.19,138.32,134.12,136.94,1150988
2021-03-01,PTC,139.56,142.58,139.04,142.21,656128
2021-03-02,PTC,143.12,143.49,136.41,136.51,843704
2021-03-03,PTC,135.94,137.49,131.64,132.34,607937
2021-03-04,PTC,131.42,133.15,124.87,126.43,826974
2021-03-05,PTC,127.24,127.31,117.975,125.51,1154529
2021-03-08,PTC,124.97,126.87,118.8,118.85,769295
2021-03-09,PTC,122.33,128.84,122.0,127.55,705971
2021-03-10,PTC,129.3,132.1,128.69,130.99,782434
2021-03-11,PTC,134.37,137.67,134.04,135.84,1086542
2021-03-12,PTC,135.35,135.35,131.07,132.19,476582
2021-03-15,PTC,132.82,137.25,132.55,137.09,612578
2021-03-16,PTC,139.12,139.26,134.4,135.56,415240
2021-03-17,PTC,134.76,135.98,129.815,132.23,961236
2021-03-18,PTC,129.01,131.09,125.73,127.03,1045996
2021-03-19,PTC,128.54,130.5,126.51,129.66,1183652
2021-03-22,PTC,130.15,132.38,130.06,130.14,472261
2021-03-23,PTC,130.51,133.41,129.29,129.81,607264
2021-03-24,PTC,130.87,130.87,126.7,126.84,549886
2021-03-25,PTC,125.52,128.45,122.97,128.0,617414
2021-03-26,PTC,128.42,135.6,128.42,135.43,905707
2021-03-29,PTC,134.73,135.91,131.43,131.7,926657
2021-03-30,PTC,130.68,133.77,130.1101,132.0,407030
2021-03-31,PTC,133.33,139.84,133.33,137.65,923470
2021-04-01,PTC,139.7,144.88,139.7,143.87,837590
2021-04-05,PTC,145.0,146.53,143.34,145.98,635731
2021-04-06,PTC,145.76,146.91,144.02,144.31,766390
2021-04-07,PTC,144.0,144.98,142.59,143.22,402466
2021-04-08,PTC,145.54,149.265,144.39,146.63,839874
2021-04-09,PTC,146.98,146.98,144.46,146.04,397863
2021-04-12,PTC,144.88,147.39,144.42,146.65,322042
2021-04-13,PTC,146.7,148.28,145.07,147.21,335305
2021-04-14,PTC,146.83,149.24,146.15,146.56,388373
2021-04-15,PTC,148.26,149.21,146.2,147.55,496975
2021-04-16,PTC,148.62,148.62,144.46,146.16,1584844
2021-04-19,PTC,144.91,146.875,137.93,139.8,23298664
2021-04-20,PTC,139.99,142.37,138.92,142.19,1199370
2021-04-21,PTC,141.43,144.07,141.06,144.0,587886
2021-04-22,PTC,143.43,146.85,142.83,145.27,703783
2021-04-23,PTC,146.2,148.08,145.94,147.34,501768
2021-04-26,PTC,147.76,149.49,147.2669,148.84,661267
2021-04-27,PTC,148.41,149.5,146.06,147.79,634210
2021-04-28,PTC,147.5,148.43,146.65,148.29,631662
2021-04-29,PTC,141.54,144.725,133.06,133.42,1971260
2021-04-30,PTC,133.07,133.97,130.52,130.94,1057248
2021-05-03,PTC,132.03,132.03,129.09,130.25,1267145
2021-05-04,PTC,129.73,130.14,126.99,129.99,857785
2021-05-05,PTC,130.51,132.77,129.02,130.9,769913
2021-05-06,PTC,129.63,130.235,126.96,130.1,702746
2021-05-07,PTC,131.99,133.37,130.5,131.16,658223
2021-05-10,PTC,130.43,131.6,129.12,129.14,555576
2021-05-11,PTC,126.4196,130.95,125.06,130.16,502808
2021-05-12,PTC,127.64,128.6,124.93,125.3,905633
2021-05-13,PTC,126.99,127.57,123.06,125.39,777696
2021-05-14,PTC,127.27,129.88,125.76,129.01,741724
2021-05-17,PTC,127.54,128.77,126.14,127.66,558772
2021-05-18,PTC,127.62,130.045,126.89,127.84,743376
2021-05-19,PTC,125.89,127.2,124.63,127.12,558188
2021-05-20,PTC,128.24,131.43,128.0,130.7,539902
2021-05-21,PTC,132.15,133.065,130.33,130.77,764473
2021-05-24,PTC,132.5,133.59,131.51,132.82,512651
2021-05-25,PTC,134.41,135.22,132.8,133.03,482976
2021-05-26,PTC,133.28,134.13,132.18,132.89,453616
2021-05-27,PTC,133.12,133.52,130.645,133.07,687114
2021-05-28,PTC,134.09,135.46,133.67,134.14,482830
2021-06-01,PTC,135.49,135.695,131.8,131.9,502982
2021-06-02,PTC,131.83,131.83,129.36,130.76,619318
2021-06-03,PTC,130.76,131.37,128.26,129.58,477689
2021-06-04,PTC,131.0,134.82,131.0,132.54,256855
2021-06-07,PTC,134.88,134.92,131.96,132.57,586209
2021-06-08,PTC,133.94,135.72,133.31,134.95,445648
2021-06-09,PTC,135.35,136.58,134.49,134.74,328889
2021-06-10,PTC,135.0,136.45,134.51,136.37,337059
2021-06-11,PTC,136.98,137.15,135.41,136.42,371017
2021-06-14,PTC,136.84,138.06,136.84,137.66,263126
2021-06-15,PTC,138.0,138.35,136.08,136.46,285780
2021-06-16,PTC,136.4664,136.4664,132.39,134.68,558032
2021-06-17,PTC,134.31,135.5,133.711,134.27,478670
2021-06-18,PTC,134.14,134.66,130.5,131.75,1008265
2021-06-21,PTC,131.46,134.84,130.23,134.65,640497
2021-06-22,PTC,134.65,135.44,133.57,135.19,436134
2021-06-23,PTC,135.59,136.63,134.61,135.71,408874
2021-06-24,PTC,137.0,138.48,136.25,137.74,527474
2021-06-25,PTC,138.0,139.24,137.13,138.69,636493
2021-06-28,PTC,139.99,141.16,139.45,140.1,562636
2021-06-29,PTC,140.1,142.115,139.34,141.76,432326
2021-06-30,PTC,141.39,142.4,140.378,141.26,483915
2021-07-01,PTC,140.88,143.26,140.5,142.97,588215
2021-07-02,PTC,143.675,144.2,142.39,143.98,425208
2021-07-06,PTC,144.36,145.71,143.57,145.58,606313
2021-07-07,PTC,146.0,147.07,143.445,144.12,724063
2021-07-08,PTC,142.04,143.8682,139.38,142.86,438666
2021-07-09,PTC,142.86,145.53,142.79,145.14,465466
2021-07-12,PTC,145.5,145.65,142.5,142.88,504641
2021-07-13,PTC,142.88,143.88,141.42,143.06,348043
2021-07-14,PTC,144.13,144.13,141.77,142.57,358118
2021-07-15,PTC,141.92,142.6289,139.83,141.28,386763
2021-07-16,PTC,141.99,142.74,139.73,140.2,469627
2021-07-19,PTC,138.31,138.31,135.345,136.71,701008
2021-07-20,PTC,137.31,143.52,136.72,142.96,810607
2021-07-21,PTC,143.24,146.66,142.82,146.5,637943
2021-07-22,PTC,146.78,148.82,146.78,148.28,479768
2021-07-23,PTC,148.95,153.73,148.29,152.69,943758
2021-07-26,PTC,151.99,152.0,148.95,151.32,592858
2021-07-27,PTC,150.42,150.42,142.44,143.6,889304
2021-07-28,PTC,144.0,146.43,142.92,145.25,667137
2021-07-29,PTC,136.56,137.5,130.05,133.03,1725998
2021-07-30,PTC,133.12,135.5,131.19,135.45,1028047
2021-08-02,PTC,135.68,135.79,130.8,131.07,676221
2021-08-03,PTC,131.07,133.27,130.6692,132.41,622473
2021-08-04,PTC,132.87,135.73,131.9,135.3,792567
2021-08-05,PTC,135.48,137.19,134.381,135.55,905865
2021-08-06,PTC,135.88,136.33,134.45,135.37,502555
2021-08-09,PTC,135.55,136.1,134.66,135.18,283678
2021-08-10,PTC,136.18,137.67,135.17,135.78,482785
2021-08-11,PTC,136.74,136.74,133.6,134.49,304149
2021-08-12,PTC,134.35,134.35,133.05,133.68,487254
2021-08-13,PTC,133.86,134.08,131.7,132.01,807814
2021-08-16,PTC,131.62,131.62,129.32,130.16,891954
2021-08-17,PTC,129.3,129.3,125.94,127.98,994141
2021-08-18,PTC,127.22,128.07,126.43,126.57,469522
2021-08-19,PTC,124.98,126.47,124.18,126.25,578947
2021-08-20,PTC,126.44,128.5,126.03,128.29,471895
2021-08-23,PTC,128.95,130.1,128.8,129.9,624133
2021-08-24,PTC,130.66,132.49,130.59,131.26,344723
2021-08-25,PTC,131.1,132.48,130.55,131.72,349058
2021-08-26,PTC,131.28,131.9,129.28,130.18,591251
2021-08-27,PTC,130.5,132.9,130.49,131.98,601208
2021-08-30,PTC,132.47,133.0,131.87,132.47,346551
2021-08-31,PTC,133.0,133.0,131.1,131.66,585875
2021-09-01,PTC,132.6,134.685,132.6,133.11,685541
2021-09-02,PTC,133.87,134.6,131.44,131.84,356065
2021-09-03,PTC,131.57,133.45,131.25,132.99,354929
2021-09-07,PTC,133.0,133.65,129.53,129.77,527602
2021-09-08,PTC,130.85,130.85,127.7075,129.79,474319
2021-09-09,PTC,130.11,130.67,127.33,127.39,2543386
2021-09-10,PTC,127.89,128.775,125.48,125.62,1051846
2021-09-13,PTC,125.62,126.41,122.05,122.81,1728376
2021-09-14,PTC,123.94,125.07,121.87,122.44,1020204
2021-09-15,PTC,122.85,125.35,121.65,125.2,1191738
2021-09-16,PTC,125.0,125.64,122.98,125.5,633946
2021-09-17,PTC,125.16,125.58,122.53,123.14,773144
2021-09-20,PTC,120.28,121.385,118.61,120.74,643770
2021-09-21,PTC,121.45,121.47,119.49,119.93,536350
2021-09-22,PTC,120.29,122.63,119.85,121.09,769433
2021-09-23,PTC,122.325,125.335,121.29,123.84,524864
2021-09-24,PTC,122.44,124.15,122.29,123.52,347535
2021-09-27,PTC,123.05,124.72,121.83,124.08,627622
2021-09-28,PTC,122.52,123.34,118.87,121.0,754159
2021-09-29,PTC,121.56,122.7,119.6,120.0,550693
2021-09-30,PTC,120.62,121.755,119.325,119.79,813359
2021-10-01,PTC,120.4,121.3,119.71,120.51,472558
2021-10-04,PTC,119.99,120.195,114.65,117.51,1076124
2021-10-05,PTC,117.8,120.01,116.93,119.87,1370561
2021-10-06,PTC,118.02,120.16,117.195,119.59,616695
2021-10-07,PTC,120.71,122.945,119.69,120.2,543960
2021-10-08,PTC,120.49,121.44,119.61,120.04,544484
2021-10-11,PTC,119.83,121.115,117.65,117.94,467406
2021-10-12,PTC,118.8,119.94,117.01,117.15,474856
2021-10-13,PTC,118.16,121.26,118.16,120.68,624929
2021-10-14,PTC,123.22,124.45,122.48,122.83,550865
2021-10-15,PTC,123.74,123.93,122.71,123.5,563550
2021-10-18,PTC,122.51,125.21,122.15,124.96,639045
2021-10-19,PTC,126.26,129.26,125.7,129.01,793333
2021-10-20,PTC,129.21,129.68,126.95,129.48,650914
2021-10-21,PTC,128.75,129.37,126.05,127.99,683938
2021-10-22,PTC,128.66,128.96,126.77,128.11,431063
2021-10-25,PTC,128.5,130.36,127.53,129.36,416530
2021-10-26,PTC,129.98,129.98,127.445,127.6,402147
2021-10-27,PTC,127.61,128.54,124.86,125.01,788324
2021-10-28,PTC,125.49,128.64,124.6,126.87,873703
2021-10-29,PTC,126.11,128.98,126.09,127.35,965667
2021-11-01,PTC,127.56,128.81,125.41,126.8,625919
2021-11-02,PTC,126.68,127.1,124.95,126.41,768305
2021-11-03,PTC,125.84,130.57,125.12,129.85,956398
2021-11-04,PTC,136.0,136.0,117.3,120.93,2614543
2021-11-05,PTC,121.91,127.64,121.72,125.94,1047467
2021-11-08,PTC,125.09,126.91,123.5036,126.43,728299
2021-11-09,PTC,126.02,127.61,121.75,122.37,755259
2021-11-10,PTC,121.55,122.605,119.63,120.18,770202
2021-11-11,PTC,120.97,121.07,119.55,119.79,844685
2021-11-12,PTC,120.79,121.94,119.84,121.83,579054
2021-11-15,PTC,122.0,122.36,119.31,120.05,552641
2021-11-16,PTC,119.5,123.73,118.9,122.79,911728
2021-11-17,PTC,122.47,123.885,119.63,119.64,541365
2021-11-18,PTC,119.81,120.48,116.9,117.45,565746
2021-11-19,PTC,118.21,118.655,117.29,117.33,516977
2021-11-22,PTC,117.49,118.35,114.53,115.93,680049
2021-11-23,PTC,111.13,111.595,107.63,109.72,2215760
2021-11-24,PTC,108.2,110.13,106.72,110.0,1496795
2021-11-26,PTC,108.74,110.17,105.51,105.94,619932
2021-11-29,PTC,107.87,111.84,107.0,110.32,1143669
2021-11-30,PTC,109.68,110.99,105.49,109.58,1883325
2021-12-01,PTC,111.44,112.01,108.405,108.84,1131459
2021-12-02,PTC,108.57,111.29,108.12,110.91,680781
2021-12-03,PTC,111.19,113.58,109.95,112.89,1839853
2021-12-06,PTC,113.0,117.05,111.565,116.64,1007265
2021-12-07,PTC,118.52,120.85,117.88,120.2,866198
2021-12-08,PTC,120.01,121.5899,117.08,120.74,802624
2021-12-09,PTC,120.22,122.31,119.88,119.96,699576
2021-12-10,PTC,120.86,121.86,119.01,120.57,774585
2021-12-13,PTC,120.1,123.46,119.94,122.52,793193
2021-12-14,PTC,117.74,119.795,115.09,117.31,1153339
2021-12-15,PTC,117.06,119.22,113.685,118.67,1287221
2021-12-16,PTC,119.11,119.32,115.41,115.52,1102283
2021-12-17,PTC,115.7,121.59,113.93,120.75,2048300
2021-12-20,PTC,118.9,121.22,117.725,119.92,891656
2021-12-21,PTC,120.76,121.3,119.89,120.73,737444
2021-12-22,PTC,120.81,122.52,119.75,121.08,484890
2021-12-23,PTC,121.39,121.71,120.08,120.51,444215
2021-12-27,PTC,120.56,122.67,120.26,122.6,404025
2021-12-28,PTC,123.15,123.5,121.9207,122.34,370286
2021-12-29,PTC,122.34,122.65,121.35,122.13,259729
2021-12-30,PTC,122.88,123.44,121.885,122.04,297627
2021-12-31,PTC,122.1,122.14,120.95,121.15,313736
2022-01-03,PTC,121.32,123.46,118.77,122.98,580123
2022-01-04,PTC,122.78,123.0,120.6,122.6,449852
2022-01-05,PTC,122.17,123.425,118.14,118.33,806346
2022-01-06,PTC,117.57,119.0662,115.565,117.14,463870
2022-01-07,PTC,116.4,118.825,115.05,115.08,458288
2022-01-10,PTC,113.49,114.59,110.53,114.54,823886
2022-01-11,PTC,114.63,119.52,112.065,119.27,611965
2022-01-12,PTC,120.11,121.74,118.28,120.05,473665
2022-01-13,PTC,120.35,121.14,114.63,115.2,672781
2022-01-14,PTC,114.24,116.64,112.93,115.88,513858
2022-01-18,PTC,114.44,117.365,113.77,116.07,1100971
2022-01-19,PTC,116.07,121.7,115.99,117.36,677502
2022-01-20,PTC,118.1,120.26,115.61,115.77,607035
2022-01-21,PTC,115.08,118.28,113.89,116.06,1191551
2022-01-24,PTC,114.4,117.62,111.43,117.6,1364609
2022-01-25,PTC,113.91,116.53,112.5608,114.63,862431
2022-01-26,PTC,116.0,117.99,112.5,113.48,1209125
2022-01-27,PTC,107.7,112.165,106.0,109.78,2068488
2022-01-28,PTC,109.92,113.52,106.885,113.41,845267
2022-01-31,PTC,112.57,116.53,112.57,116.26,730491
2022-02-01,PTC,116.43,117.12,114.605,116.15,716002
2022-02-02,PTC,116.15,116.99,114.615,116.4,494724
2022-02-03,PTC,114.5,115.41,113.12,113.63,655993
2022-02-04,PTC,113.56,116.37,113.01,115.76,528954
2022-02-07,PTC,116.53,117.8,114.885,115.17,464882
2022-02-08,PTC,114.93,115.69,113.46,114.63,592515
2022-02-09,PTC,116.22,120.21,115.25,120.11,508435
2022-02-10,PTC,117.31,120.56,116.955,118.33,584800
2022-02-11,PTC,118.84,119.14,113.64,114.15,495867
2022-02-14,PTC,113.65,114.94,111.23,111.91,517810
2022-02-15,PTC,114.46,114.46,111.43,113.2,581629
2022-02-16,PTC,112.42,114.78,111.33,114.65,560167
2022-02-17,PTC,112.93,113.86,109.24,109.54,592430
2022-02-18,PTC,109.83,110.91,107.785,108.86,974720
2022-02-22,PTC,108.01,109.8,106.565,107.05,713375
2022-02-23,PTC,107.85,108.573,106.46,106.54,1112307
2022-02-24,PTC,103.83,109.92,103.4404,109.85,804974
2022-02-25,PTC,110.08,111.53,107.83,111.52,510777
2022-02-28,PTC,110.47,112.5,107.52,111.28,884398
2022-03-01,PTC,111.7,113.44,109.3,110.13,495929
2022-03-02,PTC,110.43,113.315,109.055,111.76,526473
2022-03-03,PTC,112.49,113.03,108.35,109.0,571444
2022-03-04,PTC,109.02,109.2,106.23,107.99,482074
2022-03-07,PTC,108.17,109.45,104.83,104.86,779571
2022-03-08,PTC,104.23,106.13,101.645,104.45,715143
2022-03-09,PTC,106.92,109.62,106.62,109.3,592407
2022-03-10,PTC,107.21,108.16,105.49,106.82,296259
2022-03-11,PTC,107.72,107.72,103.87,103.94,357235
2022-03-14,PTC,104.14,105.2125,100.602,101.51,374049
2022-03-15,PTC,102.42,106.14,101.7095,105.95,656610
2022-03-16,PTC,107.03,109.96,105.58,109.74,724856
2022-03-17,PTC,109.51,111.95,109.135,110.73,657731
2022-03-18,PTC,110.32,112.01,109.7,111.42,883215
2022-03-21,PTC,110.75,111.14,109.09,110.67,550478
2022-03-22,PTC,110.53,111.86,109.84,111.59,646955
2022-03-23,PTC,110.88,110.88,107.135,107.15,523720
2022-03-24,PTC,107.97,108.66,106.28,108.01,436055
2022-03-25,PTC,108.69,108.84,106.7,107.32,559163
2022-03-28,PTC,107.28,108.475,106.21,107.95,852717
2022-03-29,PTC,109.5,111.945,109.45,111.89,948414
2022-03-30,PTC,111.09,111.785,108.81,109.19,374568
2022-03-31,PTC,109.23,109.72,107.495,107.72,626844
2022-04-01,PTC,108.55,109.32,105.49,106.77,554027
2022-04-04,PTC,107.28,109.47,106.85,108.75,523423
2022-04-05,PTC,108.54,108.76,104.64,105.03,574028
2022-04-06,PTC,103.18,104.71,100.73,100.98,680110
2022-04-07,PTC,100.64,104.2,100.64,104.0,811608
2022-04-08,PTC,103.46,104.42,101.79,103.5,726954
2022-04-11,PTC,102.77,104.26,101.14,101.36,720041
2022-04-12,PTC,102.77,104.32,100.33,100.56,488403
2022-04-13,PTC,100.32,102.56,99.69,101.57,805767
2022-04-14,PTC,102.25,102.33,98.6,98.71,544217
2022-04-18,PTC,98.44,100.13,97.0,99.31,549727
2022-04-19,PTC,99.38,100.78,98.82,99.92,478661
2022-04-20,PTC,101.23,104.96,100.25,102.45,1003605
2022-04-21,PTC,103.73,105.66,100.48,101.45,841701
2022-04-22,PTC,100.83,102.525,99.05,99.12,978499
2022-04-25,PTC,99.06,101.0595,98.98,99.9,859446
2022-04-26,PTC,99.57,100.3635,96.93,97.88,809572
2022-04-27,PTC,98.01,100.1,96.55,97.62,1378007
2022-04-28,PTC,116.19,118.49,109.0,114.39,2684439
2022-04-29,PTC,114.1,116.81,112.07,114.21,1468965
2022-05-02,PTC,113.99,115.94,111.75,114.87,1128097
2022-05-03,PTC,114.62,116.66,114.035,114.59,1164787
2022-05-04,PTC,114.68,118.18,112.4,118.01,1107462
2022-05-05,PTC,116.44,117.47,111.02,112.15,897796
2022-05-06,PTC,111.58,112.0,108.5,110.41,702497
2022-05-09,PTC,108.58,109.7,105.695,106.55,942541
2022-05-10,PTC,108.51,109.1,104.17,107.51,886869
2022-05-11,PTC,107.03,109.15,102.47,102.91,954411
2022-05-12,PTC,101.71,106.66,101.51,106.32,784993
2022-05-13,PTC,107.44,110.23,106.42,109.55,1355620
2022-05-16,PTC,109.24,109.7,107.315,108.98,524294
2022-05-17,PTC,111.3,112.51,108.19,111.94,649158
2022-05-18,PTC,110.54,111.4,107.07,107.42,435294
2022-05-19,PTC,107.34,110.98,107.165,109.51,743364
2022-05-20,PTC,111.12,113.59,109.67,113.42,921244
2022-05-23,PTC,113.42,113.48,110.14,112.96,469314
2022-05-24,PTC,111.65,112.01,106.59,108.67,844333
2022-05-25,PTC,107.58,110.75,106.18,109.36,1193260
2022-05-26,PTC,109.67,113.57,108.36,112.16,439318
2022-05-27,PTC,113.72,119.0,113.72,118.65,693546
2022-05-31,PTC,117.67,118.64,116.06,116.53,977256
2022-06-01,PTC,117.13,118.635,114.63,116.42,571479
2022-06-02,PTC,116.22,119.745,115.76,119.7,580200
2022-06-03,PTC,117.81,119.07,116.66,118.56,497019
2022-06-06,PTC,120.0,120.58,117.74,118.47,504200
2022-06-07,PTC,116.8,118.73,115.18,117.84,605333
2022-06-08,PTC,117.43,118.69,115.43,115.52,521669
2022-06-09,PTC,114.29,115.05,112.97,113.03,582059
2022-06-10,PTC,110.86,110.86,109.0,109.09,534267
2022-06-13,PTC,105.2,106.19,102.14,102.44,501928
2022-06-14,PTC,102.92,103.36,99.79,99.89,788159
2022-06-15,PTC,101.24,105.43,100.66,103.42,837842
2022-06-16,PTC,100.65,101.925,99.42,100.28,1089746
2022-06-17,PTC,100.17,104.71,100.15,103.91,1412563
2022-06-21,PTC,104.93,107.09,104.07,106.14,634750
2022-06-22,PTC,105.05,107.04,104.61,105.34,627092
2022-06-23,PTC,106.22,108.69,105.97,108.51,500718
2022-06-24,PTC,109.05,112.61,109.05,112.44,883872
2022-06-27,PTC,112.15,112.6,110.67,112.19,379448
2022-06-28,PTC,112.49,112.98,106.24,106.39,1069462
2022-06-29,PTC,106.63,107.309,104.51,107.1,775448
2022-06-30,PTC,105.94,107.93,103.71,106.34,584727
2022-07-01,PTC,106.25,107.22,104.11,107.0,539614
2022-07-05,PTC,105.65,107.11,104.65,107.1,602070
2022-07-06,PTC,107.36,107.85,105.05,105.74,573903
2022-07-07,PTC,105.9,107.53,105.77,107.39,531843
2022-07-08,PTC,106.73,107.5,104.55,106.9,339088
2022-07-11,PTC,105.78,106.62,104.825,105.33,285124
2022-07-12,PTC,105.59,106.83,102.32,103.2,644449
2022-07-13,PTC,100.89,102.2321,98.925,100.64,770073
2022-07-14,PTC,99.75,101.005,97.97,100.26,646623
2022-07-15,PTC,101.59,102.315,100.945,102.24,497876
2022-07-18,PTC,103.47,103.85,102.07,102.41,524134
2022-07-19,PTC,103.46,107.73,102.36,107.59,1022718
2022-07-20,PTC,107.72,111.39,107.72,110.89,626814
2022-07-21,PTC,111.06,112.85,110.39,112.54,627504
2022-07-22,PTC,112.53,113.185,110.445,111.18,436814
2022-07-25,PTC,111.31,111.475,108.365,111.18,536596
2022-07-26,PTC,110.87,111.61,109.83,111.28,533546
2022-07-27,PTC,112.66,117.5,111.84,117.34,1197410
2022-07-28,PTC,118.97,126.88,117.82,125.81,1651587
2022-07-29,PTC,125.59,125.59,122.32,123.38,880450
2022-08-01,PTC,122.32,123.64,120.72,122.19,770142
2022-08-02,PTC,121.25,122.11,120.43,120.59,623234
2022-08-03,PTC,121.08,122.6,119.86,121.72,766869
2022-08-04,PTC,121.6,122.09,120.01,120.85,645686
2022-08-05,PTC,119.11,121.26,118.04,120.3,576949
2022-08-08,PTC,120.75,121.04,118.89,119.33,567575
2022-08-09,PTC,118.87,120.06,117.805,119.88,709624
2022-08-10,PTC,121.93,123.88,120.75,123.02,706686
2022-08-11,PTC,123.93,125.7,122.94,124.05,940128
2022-08-12,PTC,124.4,125.08,122.83,125.03,659467
2022-08-15,PTC,124.91,125.81,124.255,125.16,871688
2022-08-16,PTC,124.19,125.15,123.0529,123.94,442895
2022-08-17,PTC,122.58,123.22,121.19,122.47,915926
2022-08-18,PTC,122.5,122.89,121.78,122.09,406355
2022-08-19,PTC,120.95,121.08,118.92,119.5,378147
2022-08-22,PTC,118.06,118.11,116.38,116.53,650360
2022-08-23,PTC,116.19,117.46,114.56,114.665,492611
2022-08-24,PTC,115.42,116.28,114.47,115.71,1014443
2022-08-25,PTC,116.75,119.33,116.75,119.32,433767
2022-08-26,PTC,119.36,119.48,114.43,114.59,684450
2022-08-29,PTC,113.22,115.78,113.22,114.52,590772
2022-08-30,PTC,115.3,115.755,113.03,114.18,770093
2022-08-31,PTC,115.315,116.12,114.03,114.89,1615772
2022-09-01,PTC,113.96,115.25,112.18,114.93,1260030
2022-09-02,PTC,115.72,118.1,114.69,115.05,1406898
2022-09-06,PTC,115.05,116.28,113.74,114.71,1435389
2022-09-07,PTC,115.0,118.92,114.13,118.51,1146635
2022-09-08,PTC,117.45,119.87,116.52,119.59,774288
2022-09-09,PTC,120.75,121.11,119.38,119.97,1057882
2022-09-12,PTC,120.85,121.0,119.49,120.88,593599
2022-09-13,PTC,117.3,119.57,115.12,117.16,1076926
2022-09-14,PTC,117.47,118.19,116.06,117.15,732322
2022-09-15,PTC,116.08,117.7524,114.57,114.99,908163
2022-09-16,PTC,114.01,115.34,112.29,114.9,1406674
2022-09-19,PTC,113.32,115.22,113.115,114.72,631289
2022-09-20,PTC,114.02,114.18,111.6,112.33,384881
2022-09-21,PTC,113.36,115.54,111.715,111.75,502206
2022-09-22,PTC,111.4,111.76,109.02,109.34,1162013
2022-09-23,PTC,108.78,109.08,104.26,106.04,842792
2022-09-26,PTC,106.13,107.78,105.04,105.17,470058
2022-09-27,PTC,106.85,106.85,103.23,104.24,533545
2022-09-28,PTC,104.89,106.865,104.425,106.19,663765
2022-09-29,PTC,105.18,106.37,104.03,105.67,644095
2022-09-30,PTC,105.86,106.66,104.52,104.6,559740
2022-10-03,PTC,105.82,108.035,105.13,107.48,645100
2022-10-04,PTC,109.32,112.05,109.32,111.84,484907
2022-10-05,PTC,110.46,113.045,110.225,112.27,558095
2022-10-06,PTC,112.05,113.08,111.39,112.17,499053
2022-10-07,PTC,110.21,110.43,108.84,110.17,711426
2022-10-10,PTC,110.26,110.76,106.37,107.14,505821
2022-10-11,PTC,106.78,108.07,105.56,107.17,757101
2022-10-12,PTC,107.12,107.51,105.39,105.69,525418
2022-10-13,PTC,103.06,108.51,101.82,108.17,760069
2022-10-14,PTC,109.69,110.095,105.39,105.57,821304
2022-10-17,PTC,108.7,109.525,107.77,108.39,414158
2022-10-18,PTC,111.04,111.54,108.93,111.24,546598
2022-10-19,PTC,110.14,110.94,108.215,108.62,293387
2022-10-20,PTC,108.91,110.705,107.185,108.21,460969
2022-10-21,PTC,108.73,112.589,106.795,112.39,587053
2022-10-24,PTC,113.14,113.19,109.875,112.18,446705
2022-10-25,PTC,112.48,115.43,112.48,115.36,627865
2022-10-26,PTC,114.74,118.0,114.65,114.96,506090
2022-10-27,PTC,115.66,117.27,113.21,113.52,708101
2022-10-28,PTC,114.06,117.31,113.885,116.94,826306
2022-10-31,PTC,116.07,118.83,115.7,117.83,776749
2022-11-01,PTC,119.08,119.35,116.28,118.02,870860
2022-11-02,PTC,118.98,124.27,114.085,115.73,2525166
2022-11-03,PTC,114.1,124.87,114.1,123.17,2264328
2022-11-04,PTC,124.16,126.33,121.482,124.24,1114154
2022-11-07,PTC,124.43,126.94,122.955,125.21,1278381
2022-11-08,PTC,125.29,127.37,123.7275,125.45,1213532
2022-11-09,PTC,124.97,126.66,123.27,125.83,697368
2022-11-10,PTC,130.25,132.0,128.69,129.77,1239839
2022-11-11,PTC,130.0,133.14,129.3301,131.92,1191676
2022-11-14,PTC,131.1,132.0,129.47,130.29,671560
2022-11-15,PTC,131.84,132.425,129.92,132.01,845165
2022-11-16,PTC,130.31,131.56,129.57,129.83,1049055
2022-11-17,PTC,128.01,128.01,122.59,123.87,1333634
2022-11-18,PTC,125.47,125.73,122.315,123.3,804447
2022-11-21,PTC,123.03,124.055,122.04,123.21,654616
2022-11-22,PTC,123.97,125.35,121.425,124.96,618558
2022-11-23,PTC,124.33,125.45,123.09,124.18,606238
2022-11-25,PTC,124.0,124.89,122.71,124.63,349801
2022-11-28,PTC,124.09,124.77,122.56,122.58,516554
2022-11-29,PTC,122.58,123.67,122.13,123.07,456939
2022-11-30,PTC,122.82,127.58,122.53,127.21,1124575
2022-12-01,PTC,127.43,128.28,125.395,127.49,974266
2022-12-02,PTC,125.33,127.0,124.01,126.47,563961
2022-12-05,PTC,125.08,125.75,122.01,123.33,460794
2022-12-06,PTC,123.02,124.93,120.68,121.26,456015
2022-12-07,PTC,121.26,122.48,119.395,121.64,755311
2022-12-08,PTC,122.36,124.84,121.41,121.76,739438
2022-12-09,PTC,120.52,122.04,119.18,121.19,981118
2022-12-12,PTC,121.26,124.36,121.15,124.09,835874
2022-12-13,PTC,128.24,129.02,125.94,127.06,825273
2022-12-14,PTC,127.48,128.93,125.28,127.3,492144
2022-12-15,PTC,125.8,126.75,123.35,123.58,567445
2022-12-16,PTC,123.12,123.96,121.56,123.51,1424170
2022-12-19,PTC,123.56,123.56,121.3225,122.5,494943
2022-12-20,PTC,122.3,123.45,120.75,122.19,527566
2022-12-21,PTC,122.44,124.01,121.3,123.71,666587
2022-12-22,PTC,122.25,122.89,120.075,122.15,273115
2022-12-23,PTC,121.3,122.86,120.49,121.25,304774
2022-12-27,PTC,121.33,121.86,120.17,120.62,234325
2022-12-28,PTC,120.28,121.99,118.76,118.87,241453
2022-12-29,PTC,119.4,122.42,119.06,121.12,261437
2022-12-30,PTC,119.96,120.36,118.06,120.04,803595
2023-01-03,PTC,121.25,123.06,118.6,119.65,729256
2023-01-04,PTC,120.44,122.23,119.6891,121.97,505732
2023-01-05,PTC,120.77,120.99,118.205,120.05,546780
2023-01-06,PTC,121.38,123.19,119.0225,122.69,524761
2023-01-09,PTC,123.87,128.36,123.87,125.96,827660
2023-01-10,PTC,125.6,128.09,124.5,127.4,700155
2023-01-11,PTC,128.06,129.6,126.22,127.21,858221
2023-01-12,PTC,127.25,131.44,126.76,131.09,711577
2023-01-13,PTC,129.8,131.5,127.56,129.69,796650
2023-01-17,PTC,129.95,131.74,129.24,130.23,754100
2023-01-18,PTC,131.24,132.06,128.63,129.38,751947
2023-01-19,PTC,128.99,130.03,126.75,127.57,573985
2023-01-20,PTC,127.52,130.11,127.51,129.95,405058
2023-01-23,PTC,132.7,135.09,131.5,134.98,618072
2023-01-24,PTC,134.49,135.1,133.035,133.62,604385
2023-01-25,PTC,132.41,134.61,130.33,134.09,833597
2023-01-26,PTC,136.21,139.91,134.62,135.77,805257
2023-01-27,PTC,135.43,135.78,134.12,135.09,527461
2023-01-30,PTC,134.2,134.53,132.66,133.28,643280
2023-01-31,PTC,134.03,134.9,133.23,134.88,700385
2023-02-01,PTC,134.56,138.97,134.14,138.11,1093674
2023-02-02,PTC,136.0,136.58,127.23,132.31,2580975
2023-02-03,PTC,129.33,133.14,129.33,130.55,958058
2023-02-06,PTC,128.95,131.83,128.36,131.35,853561
2023-02-07,PTC,131.15,136.21,131.0,135.23,919185
2023-02-08,PTC,134.66,136.44,133.855,134.55,681548
2023-02-09,PTC,136.19,137.58,134.01,135.02,628127
2023-02-10,PTC,134.6,135.675,131.725,132.78,581385
2023-02-13,PTC,133.51,133.995,132.83,133.79,546415
2023-02-14,PTC,133.65,135.55,132.86,134.36,422751
2023-02-15,PTC,134.16,134.16,132.27,133.39,430743
2023-02-16,PTC,131.09,133.29,130.91,131.46,547838
2023-02-17,PTC,130.63,131.225,129.44,130.29,626829
2023-02-21,PTC,129.2,130.32,128.64,129.44,537421
2023-02-22,PTC,130.04,132.61,127.69,128.46,735689
2023-02-23,PTC,129.68,130.97,128.99,130.16,597458
2023-02-24,PTC,127.86,128.8,126.615,126.99,368675
2023-02-27,PTC,128.25,128.465,125.88,126.3,609179
2023-02-28,PTC,126.58,127.32,124.94,125.33,1167361
2023-03-01,PTC,125.52,125.91,122.93,123.81,1207634
2023-03-02,PTC,123.0,125.36,122.895,124.67,681886
2023-03-03,PTC,124.71,125.51,124.3,124.84,1150319
2023-03-06,PTC,124.36,125.265,122.98,124.69,947112
2023-03-07,PTC,124.04,124.86,121.62,121.96,645268
2023-03-08,PTC,121.53,122.7,120.22,122.66,888406
2023-03-09,PTC,122.79,123.83,120.27,120.56,571432
2023-03-10,PTC,120.46,121.15,117.68,118.38,535779
2023-03-13,PTC,117.31,118.58,115.445,117.33,719297
2023-03-14,PTC,118.67,120.605,118.435,119.96,646979
2023-03-15,PTC,118.22,120.07,115.65,117.52,931491
2023-03-16,PTC,117.17,120.08,116.48,119.47,674820
2023-03-17,PTC,119.52,119.92,117.82,118.71,1566052
2023-03-20,PTC,118.55,120.39,118.55,119.12,534880
2023-03-21,PTC,119.67,120.9,118.89,120.39,677647
2023-03-22,PTC,119.7,121.26,118.5,118.57,530433
2023-03-23,PTC,119.1,121.43,118.8,119.98,405874
2023-03-24,PTC,119.61,121.73,118.675,121.7,413594
2023-03-27,PTC,122.16,123.84,122.04,123.17,825443
2023-03-28,PTC,122.83,123.685,122.11,123.24,403922
2023-03-29,PTC,124.25,124.83,123.3817,124.71,378400
2023-03-30,PTC,125.75,126.625,125.135,125.68,462082
2023-03-31,PTC,126.39,128.43,126.26,128.23,653099
2023-04-03,PTC,127.26,128.32,126.73,128.07,579901
2023-04-04,PTC,127.88,128.66,126.982,127.6,376684
2023-04-05,PTC,127.45,127.45,125.98,126.14,655201
2023-04-06,PTC,125.33,125.94,124.34,125.29,528987
2023-04-10,PTC,124.22,126.55,123.12,126.34,462583
2023-04-11,PTC,126.01,127.065,125.24,126.01,375018
2023-04-12,PTC,127.28,127.78,125.84,126.39,601823
2023-04-13,PTC,126.74,128.61,126.55,128.46,543482
2023-04-14,PTC,127.73,130.08,127.01,127.73,440208
2023-04-17,PTC,127.84,129.29,127.545,129.09,361618
2023-04-18,PTC,129.97,130.28,127.34,128.15,639342
2023-04-19,PTC,127.2,127.2,125.965,126.16,546359
2023-04-20,PTC,125.41,126.255,124.32,125.67,749279
2023-04-21,PTC,125.69,126.95,125.57,126.59,974608
2023-04-24,PTC,126.0,126.27,124.31,126.09,768937
2023-04-25,PTC,124.71,125.06,122.11,124.21,928461
2023-04-26,PTC,124.1,126.505,124.08,125.2,1398960
2023-04-27,PTC,124.78,127.9,120.62,123.34,1782716
2023-04-28,PTC,122.79,128.221,121.57,125.79,1048193
2023-05-01,PTC,125.67,126.87,124.94,125.62,667030
2023-05-02,PTC,125.62,126.61,124.465,125.28,686214
2023-05-03,PTC,125.6,126.81,124.455,125.01,547436
2023-05-04,PTC,125.1,126.44,124.415,125.22,577748
2023-05-05,PTC,126.21,129.24,125.71,129.06,814731
2023-05-08,PTC,129.31,130.0,127.89,129.59,410504
2023-05-09,PTC,129.14,130.25,128.71,129.12,713300
2023-05-10,PTC,130.05,131.34,128.98,130.39,501246
2023-05-11,PTC,130.2,130.2,128.61,129.48,444530
2023-05-12,PTC,129.34,130.5,129.34,130.1,489856
2023-05-15,PTC,129.93,131.45,128.8,130.78,514841
2023-05-16,PTC,130.12,130.34,129.261,129.73,478299
2023-05-17,PTC,130.52,132.11,129.54,131.62,803023
2023-05-18,PTC,131.48,133.93,131.21,133.8,645074
2023-05-19,PTC,134.09,134.66,133.48,134.21,721017
2023-05-22,PTC,134.5,135.11,133.795,134.74,591632
2023-05-23,PTC,133.71,133.835,130.82,130.86,709476
2023-05-24,PTC,130.39,131.17,129.47,130.35,802608
2023-05-25,PTC,130.98,131.7,129.91,130.93,1147714
2023-05-26,PTC,131.28,132.41,130.87,131.03,1023401
2023-05-30,PTC,132.09,133.65,131.45,132.69,688486
2023-05-31,PTC,132.38,134.76,131.805,134.4,3423421
2023-06-01,PTC,133.31,135.46,132.91,135.07,579133
2023-06-02,PTC,135.99,138.81,135.67,137.93,887579
2023-06-05,PTC,136.96,139.69,136.74,139.28,513061
2023-06-06,PTC,139.73,141.39,139.1,141.01,591238
2023-06-07,PTC,141.2,141.7,135.76,135.95,881379
2023-06-08,PTC,135.76,137.83,135.43,137.43,585575
2023-06-09,PTC,137.91,139.33,136.7875,138.57,757054
2023-06-12,PTC,139.11,140.66,138.915,140.62,378052
2023-06-13,PTC,141.44,141.905,140.4,140.97,636337
2023-06-14,PTC,139.7,141.99,139.7,141.38,711318
2023-06-15,PTC,141.1,144.095,140.81,143.59,674720
2023-06-16,PTC,144.56,144.56,142.29,143.15,1515098
2023-06-20,PTC,142.07,142.84,140.46,141.74,544266
2023-06-21,PTC,141.51,142.19,139.8486,141.96,964796
2023-06-22,PTC,141.93,142.93,140.86,142.71,911739
2023-06-23,PTC,141.75,142.04,140.46,140.86,1704243
2023-06-26,PTC,140.15,140.93,138.24,138.3,683616
2023-06-27,PTC,138.49,140.31,138.44,139.77,703444
2023-06-28,PTC,139.78,140.69,138.66,140.64,625229
2023-06-29,PTC,141.0,143.75,141.0,142.63,697149
2023-06-30,PTC,143.6,143.71,142.0,142.3,553735
2023-07-03,PTC,142.0,142.24,137.68,140.34,676111
2023-07-05,PTC,139.14,140.0,135.75,138.25,1106842
2023-07-06,PTC,137.14,138.0,136.19,137.52,587003
2023-07-07,PTC,137.36,138.62,137.1425,137.25,485642
2023-07-10,PTC,136.47,139.84,136.09,139.1,436084
2023-07-11,PTC,139.34,141.245,139.21,140.9,567742
2023-07-12,PTC,142.55,143.46,141.08,143.2,688591
2023-07-13,PTC,144.0,146.025,143.68,145.47,546796
2023-07-14,PTC,145.83,145.83,143.915,144.67,528265
2023-07-17,PTC,145.01,146.835,145.0,146.55,534257
2023-07-18,PTC,145.97,146.88,145.14,146.78,348193
2023-07-19,PTC,147.0,147.83,145.7775,146.64,411602
2023-07-20,PTC,145.71,146.47,143.345,143.6,557825
2023-07-21,PTC,143.93,145.89,143.2,145.53,558439
2023-07-24,PTC,144.95,145.16,142.46,143.09,490181
2023-07-25,PTC,142.38,144.64,141.81,144.24,795809
2023-07-26,PTC,144.0,144.24,142.81,144.19,915029
2023-07-27,PTC,149.97,152.09,144.95,145.29,1538155
2023-07-28,PTC,146.49,147.115,141.57,146.63,1456312
2023-07-31,PTC,146.34,146.59,144.08,145.81,802973
2023-08-01,PTC,144.82,147.61,143.48,146.51,945495
2023-08-02,PTC,143.0,144.4,141.55,143.75,3298111
2023-08-03,PTC,142.96,144.94,142.92,143.44,1431672
2023-08-04,PTC,143.8,144.48,140.72,141.22,1527124
2023-08-07,PTC,142.2,143.4,141.29,142.9,811670
2023-08-08,PTC,141.9,142.925,141.4,142.84,753394
2023-08-09,PTC,143.19,143.65,141.38,142.68,968287
2023-08-10,PTC,143.41,144.835,141.71,142.51,910846
2023-08-11,PTC,142.1,144.09,141.96,143.26,591178
2023-08-14,PTC,143.26,146.055,142.825,145.79,732121
2023-08-15,PTC,145.0,146.45,144.6,145.01,525355
2023-08-16,PTC,144.72,146.18,144.31,144.32,508949
2023-08-17,PTC,144.72,144.86,140.93,141.18,684954
2023-08-18,PTC,139.82,140.63,139.03,139.93,794426
2023-08-21,PTC,140.4,141.5,140.17,140.97,596864
2023-08-22,PTC,141.58,142.91,141.255,141.52,1066777
2023-08-23,PTC,141.58,143.36,141.58,142.86,588282
2023-08-24,PTC,144.07,144.71,140.21,140.24,489302
2023-08-25,PTC,140.58,145.42,140.58,144.85,690672
2023-08-28,PTC,144.83,146.41,144.6,145.49,507132
2023-08-29,PTC,145.15,146.745,144.41,146.59,471633
2023-08-30,PTC,146.72,147.88,146.11,146.43,629279
2023-08-31,PTC,146.63,147.68,146.63,147.17,460609
2023-09-01,PTC,148.15,148.15,145.915,146.75,570289
2023-09-05,PTC,146.72,147.495,145.81,146.11,642776
2023-09-06,PTC,145.5,146.6,144.07,146.0,503516
2023-09-07,PTC,145.17,145.82,144.36,144.89,559430
2023-09-08,PTC,144.89,145.5,143.33,143.64,387263
2023-09-11,PTC,144.11,144.34,142.571,143.28,617868
2023-09-12,PTC,142.09,142.95,140.04,140.12,653386
2023-09-13,PTC,139.72,140.17,137.6,138.68,769330
2023-09-14,PTC,138.95,141.08,138.42,140.8,707243
2023-09-15,PTC,140.71,142.08,140.19,141.45,3603424
2023-09-18,PTC,141.1,144.07,141.1,143.27,1083609
2023-09-19,PTC,143.11,143.11,141.94,142.7,552009
2023-09-20,PTC,142.77,144.99,142.31,142.89,504755
2023-09-21,PTC,142.58,142.75,140.97,141.79,886431
2023-09-22,PTC,142.42,143.2,140.62,140.65,669054
2023-09-25,PTC,139.91,141.45,139.91,140.87,566019
2023-09-26,PTC,139.82,140.95,138.03,138.2,645508
2023-09-27,PTC,138.83,139.12,136.0,138.47,683794
2023-09-28,PTC,138.3,141.41,137.65,141.2,700517
2023-09-29,PTC,142.53,143.255,141.12,141.68,844319
2023-10-02,PTC,141.38,141.975,140.1,140.84,633282
2023-10-03,PTC,140.25,141.43,137.24,137.84,604379
2023-10-04,PTC,138.7,139.8,137.75,139.63,604492
2023-10-05,PTC,139.36,140.15,137.69,139.82,452791
2023-10-06,PTC,138.66,141.75,138.51,140.34,638895
2023-10-09,PTC,139.15,140.35,139.05,139.94,546272
2023-10-10,PTC,140.23,142.74,139.885,142.34,684821
2023-10-11,PTC,142.63,143.61,141.36,143.52,375105
2023-10-12,PTC,143.73,145.12,142.75,144.14,617230
2023-10-13,PTC,144.01,144.17,142.44,142.86,735065
2023-10-16,PTC,143.8,145.57,143.35,144.42,420692
2023-10-17,PTC,143.83,146.76,143.16,146.17,684887
2023-10-18,PTC,145.11,146.785,143.8,145.14,943670
2023-10-19,PTC,145.19,145.53,141.25,141.32,526216
2023-10-20,PTC,141.92,141.92,136.94,137.75,636248
2023-10-23,PTC,137.22,137.64,135.54,136.1,576920
2023-10-24,PTC,136.8,139.69,136.8,139.66,616295
2023-10-25,PTC,139.64,140.2,137.28,137.97,989602
2023-10-26,PTC,138.24,139.13,134.6122,135.85,715465
2023-10-27,PTC,136.2,137.49,135.0317,136.06,533013
2023-10-30,PTC,138.8,140.07,136.72,139.4,950469
2023-10-31,PTC,139.34,140.89,138.35,140.42,654334
2023-11-01,PTC,141.25,141.49,137.23,138.89,1058460
2023-11-02,PTC,137.22,147.18,135.16,146.32,1614814
2023-11-03,PTC,146.06,148.55,144.16,147.51,797074
2023-11-06,PTC,147.6,148.73,146.63,148.66,573501
2023-11-07,PTC,149.0,150.53,147.95,149.25,871654
2023-11-08,PTC,150.06,151.04,148.7,149.63,834804
2023-11-09,PTC,150.01,151.4545,148.69,148.75,542411
2023-11-10,PTC,149.3,151.66,148.01,151.61,503141
2023-11-13,PTC,151.8,153.19,151.5,152.14,825791
2023-11-14,PTC,153.96,155.665,152.37,154.83,969311
2023-11-15,PTC,155.24,155.84,153.65,154.68,502708
2023-11-16,PTC,154.25,155.0,151.73,152.83,657800
2023-11-17,PTC,153.48,154.35,152.5363,153.94,529358
2023-11-20,PTC,154.05,156.075,153.2,155.54,769001
2023-11-21,PTC,156.24,156.9,154.83,156.04,627671
2023-11-22,PTC,155.56,156.01,152.68,154.35,853457
2023-11-24,PTC,154.2,155.07,153.11,154.92,301895
2023-11-27,PTC,154.59,155.78,154.54,154.75,510915
2023-11-28,PTC,153.81,155.76,153.44,154.45,597770
2023-11-29,PTC,155.97,156.98,154.4,155.49,730593
2023-11-30,PTC,156.02,157.91,154.73,157.36,2157307
2023-12-01,PTC,157.03,159.76,156.11,159.41,918137
2023-12-04,PTC,158.32,160.28,157.72,159.9,696539
2023-12-05,PTC,158.95,160.82,158.48,160.74,711048
2023-12-06,PTC,161.31,161.83,159.665,159.85,652294
2023-12-07,PTC,160.52,163.36,160.1201,163.24,1061539
2023-12-08,PTC,162.88,166.812,162.795,166.61,920429
2023-12-11,PTC,166.78,169.6,166.6599,168.58,930904
2023-12-12,PTC,168.58,170.11,167.78,169.37,776892
2023-12-13,PTC,169.96,170.085,168.135,169.82,1098771
2023-12-14,PTC,171.2,171.38,167.66,171.24,1126651
2023-12-15,PTC,170.4,171.92,170.205,171.07,1738400
2023-12-18,PTC,171.42,172.035,170.57,171.84,813502
2023-12-19,PTC,172.57,172.86,171.48,171.98,703062
2023-12-20,PTC,171.94,172.45,169.15,169.17,593534
2023-12-21,PTC,170.84,171.37,169.77,171.19,453654
2023-12-22,PTC,172.1,174.06,171.895,173.97,799421
2023-12-26,PTC,174.62,175.73,174.09,175.31,416494
2023-12-27,PTC,174.86,176.05,174.86,175.72,291661
2023-12-28,PTC,173.38,176.04,173.25,175.92,350809
2023-12-29,PTC,175.92,176.25,174.37,174.96,398033
2024-01-02,PTC,173.99,174.14,166.945,168.63,1258889
2024-01-03,PTC,168.75,168.92,166.094,166.46,891198
2024-01-04,PTC,169.84,170.75,167.59,167.72,1174492
2024-01-05,PTC,166.76,167.85,165.74,165.85,938771
2024-01-08,PTC,167.01,169.75,166.18,169.65,878766
2024-01-09,PTC,168.6,170.1,167.29,167.62,721887
2024-01-10,PTC,167.93,169.82,167.72,169.1,561753
2024-01-11,PTC,169.69,172.14,169.675,172.07,792513
2024-01-12,PTC,172.84,173.07,171.39,172.17,672734
2024-01-16,PTC,171.56,172.34,170.6,171.59,974803
2024-01-17,PTC,170.79,171.95,169.89,171.74,775530
2024-01-18,PTC,172.33,173.33,171.2225,173.19,638202
2024-01-19,PTC,174.49,175.42,173.42,174.7,691499
2024-01-22,PTC,176.99,178.8,176.03,177.08,712567
2024-01-23,PTC,177.92,179.17,177.33,178.82,605851
2024-01-24,PTC,179.78,182.67,178.6,178.71,1026061
2024-01-25,PTC,180.53,181.15,178.77,180.03,611305
2024-01-26,PTC,180.03,181.32,179.37,180.65,773970
2024-01-29,PTC,182.1,184.97,181.71,184.85,1094576
2024-01-30,PTC,184.05,185.075,182.985,184.05,723955
2024-01-31,PTC,182.93,183.83,180.04,180.65,1713046
2024-02-01,PTC,177.74,182.79,176.81,179.4,2204675
2024-02-02,PTC,179.25,180.27,177.445,178.73,1001731
2024-02-05,PTC,178.07,178.59,176.065,177.21,869350
2024-02-06,PTC,178.27,178.875,176.02,177.11,805443
2024-02-07,PTC,178.28,181.365,177.515,180.21,1210933
2024-02-08,PTC,180.72,181.6,179.06,181.54,584437
2024-02-09,PTC,182.55,183.69,181.605,183.1,537773
2024-02-12,PTC,182.95,183.31,177.865,178.54,1036543
2024-02-13,PTC,175.0,177.88,172.72,177.81,1114654
2024-02-14,PTC,178.55,180.845,178.39,180.75,868051
2024-02-15,PTC,181.96,182.53,180.38,181.99,962990
2024-02-16,PTC,181.47,181.8,177.94,178.19,1554107
2024-02-20,PTC,177.53,178.2,174.85,176.89,1143813
2024-02-21,PTC,174.88,176.62,173.34,176.62,795754
2024-02-22,PTC,178.62,180.8,178.155,179.38,932214
2024-02-23,PTC,180.56,181.74,178.87,180.94,811724
2024-02-26,PTC,180.72,182.57,180.5,181.67,597986
2024-02-27,PTC,181.8,182.45,180.68,182.36,532820
2024-02-28,PTC,182.05,185.47,181.8,184.29,1195411
2024-02-29,PTC,184.5,184.6,181.195,183.01,1959707
2024-03-01,PTC,183.01,188.75,182.95,187.76,1197255
2024-03-04,PTC,187.0,188.705,186.13,187.22,616887
2024-03-05,PTC,185.67,185.8,177.48,179.19,812154
2024-03-06,PTC,181.0,183.85,180.49,182.86,822225
2024-03-07,PTC,184.48,187.27,183.27,186.29,755680
2024-03-08,PTC,186.33,187.35,184.21,185.43,599181
2024-03-11,PTC,185.43,186.45,183.94,186.35,585539
2024-03-12,PTC,186.98,188.7,186.455,187.89,602797
2024-03-13,PTC,188.12,188.7,185.36,185.75,428853
2024-03-14,PTC,186.38,187.32,183.2,184.51,580671
2024-03-15,PTC,182.6,183.415,180.1169,181.81,996610
2024-03-18,PTC,182.58,184.14,182.3922,183.66,480516
2024-03-19,PTC,183.62,187.01,182.79,186.86,523981
2024-03-20,PTC,187.38,189.88,185.94,189.78,707968
2024-03-21,PTC,191.0,194.24,189.66,189.69,1050919
2024-03-22,PTC,190.0,192.33,188.54,190.28,588297
2024-03-25,PTC,189.24,189.5899,187.08,188.66,867503
2024-03-26,PTC,189.5,191.37,188.66,189.94,667989
2024-03-27,PTC,191.25,191.33,188.67,189.71,594754
2024-03-28,PTC,189.99,189.99,188.22,188.94,551789
2024-04-01,PTC,189.09,190.48,187.6601,188.12,501870
2024-04-02,PTC,186.38,186.75,183.695,186.61,532786
2024-04-03,PTC,185.54,187.8599,185.0,185.35,775925
2024-04-04,PTC,187.74,188.04,182.735,182.95,744338
2024-04-05,PTC,183.27,186.05,182.51,185.28,499509
2024-04-08,PTC,185.42,187.98,183.29,186.41,614728
2024-04-09,PTC,186.32,187.585,184.69,187.14,481919
2024-04-10,PTC,185.34,187.5,181.7,181.92,627614
2024-04-11,PTC,182.63,184.43,181.4,182.27,671676
2024-04-12,PTC,180.21,181.53,179.19,180.06,1139633
2024-04-15,PTC,182.2,182.84,176.675,177.85,998199
2024-04-16,PTC,178.32,179.25,177.52,178.62,701489
2024-04-17,PTC,179.28,180.11,177.045,177.48,764010
2024-04-18,PTC,178.31,178.31,173.82,175.7,825571
2024-04-19,PTC,176.53,177.47,175.015,176.41,595234
2024-04-22,PTC,178.02,178.84,175.93,178.55,557038
2024-04-23,PTC,179.39,180.5,178.03,180.44,647306
2024-04-24,PTC,181.38,181.925,178.84,180.5,416111
2024-04-25,PTC,179.05,181.55,178.145,179.88,953897
2024-04-26,PTC,180.4,182.8899,180.4,180.99,742701
2024-04-29,PTC,180.85,181.815,179.55,180.68,708023
2024-04-30,PTC,179.65,180.385,176.42,177.44,1185667
2024-05-01,PTC,177.19,177.91,174.15,174.96,1980473
2024-05-02,PTC,166.61,176.93,163.2975,170.6,2101450
2024-05-03,PTC,172.04,177.055,171.71,175.77,1491232
2024-05-06,PTC,176.37,178.32,175.8201,178.22,728279
2024-05-07,PTC,177.68,178.63,176.81,178.38,636458
2024-05-08,PTC,177.71,178.87,176.96,178.33,496000
2024-05-09,PTC,179.38,180.31,178.33,180.0,537526
2024-05-10,PTC,180.62,182.13,179.405,180.0,629877
2024-05-13,PTC,180.82,181.38,178.05,179.12,653786
2024-05-14,PTC,178.4,180.64,177.545,180.53,523697
2024-05-15,PTC,182.33,184.485,181.655,183.85,458677
2024-05-16,PTC,183.17,185.14,181.6,184.21,746039
2024-05-17,PTC,185.0,185.0,182.75,184.22,1222430
2024-05-20,PTC,183.92,185.99,183.385,184.0,667092
2024-05-21,PTC,183.6,183.94,182.16,182.67,496171
2024-05-22,PTC,182.87,184.0,182.51,183.76,440080
2024-05-23,PTC,185.0,185.0,181.83,182.6,590021
2024-05-24,PTC,181.51,183.77,180.52,183.0,550430
2024-05-28,PTC,182.79,182.97,178.66,179.56,757865
2024-05-29,PTC,178.07,178.88,176.59,177.31,661053
2024-05-30,PTC,176.43,176.72,173.01,173.86,766328
2024-05-31,PTC,174.74,176.52,171.83,176.24,1578153
2024-06-03,PTC,177.0,178.77,172.09,174.11,733641
2024-06-04,PTC,171.78,172.07,168.18,171.47,1287608
2024-06-05,PTC,172.27,172.495,171.25,172.18,913859
2024-06-06,PTC,172.51,175.16,172.51,174.6,512053
2024-06-07,PTC,175.0,175.96,173.6,174.48,408117
2024-06-10,PTC,173.0,176.18,173.0,175.54,577049
2024-06-11,PTC,174.66,176.015,173.065,174.5,619461
2024-06-12,PTC,176.04,179.69,175.02,176.96,613753
2024-06-13,PTC,176.12,177.35,173.9,174.27,499587
2024-06-14,PTC,174.58,174.88,171.925,173.5,425947
2024-06-17,PTC,173.5,173.69,171.835,172.68,747016
2024-06-18,PTC,172.61,173.725,172.155,173.03,805548
2024-06-20,PTC,172.5,176.09,172.24,176.03,636908
2024-06-21,PTC,176.83,177.63,175.065,177.21,1051490
2024-06-24,PTC,176.95,179.13,176.815,177.6,680759
2024-06-25,PTC,177.95,178.7,175.94,177.03,648321
2024-06-26,PTC,176.55,178.24,174.53,177.6,466897
2024-06-27,PTC,177.6,181.29,175.74,181.26,876369
2024-06-28,PTC,181.88,184.48,181.26,181.67,1660068
2024-07-01,PTC,180.83,181.81,178.87,181.02,653175
2024-07-02,PTC,181.02,184.23,181.02,182.89,769236
2024-07-03,PTC,182.69,184.51,182.07,183.97,408690
2024-07-05,PTC,183.43,186.62,183.14,186.46,456461
2024-07-08,PTC,186.46,187.78,185.39,187.32,670260
2024-07-09,PTC,180.4,182.66,174.32,177.48,2132021
2024-07-10,PTC,177.62,177.935,173.38,176.69,1519263
2024-07-11,PTC,178.19,181.14,177.12,179.77,968273
2024-07-12,PTC,179.77,183.99,178.6,182.73,976584
2024-07-15,PTC,183.21,184.68,182.1,184.53,969878
2024-07-16,PTC,184.97,186.415,183.11,184.08,1364355
2024-07-17,PTC,183.01,184.0,179.62,179.77,1038914
2024-07-18,PTC,179.77,179.77,175.42,176.08,917210
2024-07-19,PTC,176.68,176.7,173.9,175.92,624041
2024-07-22,PTC,176.72,179.18,175.2,178.41,651490
2024-07-23,PTC,178.48,181.19,177.22,177.77,649969
2024-07-24,PTC,176.71,177.12,172.02,172.32,636607
2024-07-25,PTC,173.87,175.99,171.09,173.87,1037563
2024-07-26,PTC,174.95,176.78,173.48,173.8,765251
2024-07-29,PTC,174.27,177.43,173.07,177.22,1022844
2024-07-30,PTC,177.81,180.31,175.27,176.47,622212
2024-07-31,PTC,178.55,179.855,177.62,177.85,1098547
2024-08-01,PTC,173.83,181.04,172.21,175.87,1211775
2024-08-02,PTC,173.09,173.42,169.38,172.05,1301984
2024-08-05,PTC,168.01,170.0,164.56,168.18,1835026
2024-08-06,PTC,169.38,172.56,168.49,169.1,1024023
2024-08-07,PTC,171.93,172.35,166.66,167.17,826445
2024-08-08,PTC,169.06,171.49,167.92,170.42,547973
2024-08-09,PTC,170.42,173.5,169.8,173.15,737870
2024-08-12,PTC,173.5,174.04,169.77,170.19,443440
2024-08-13,PTC,170.77,172.98,169.41,172.09,417713
2024-08-14,PTC,171.99,172.68,169.91,172.42,641980
2024-08-15,PTC,174.56,175.185,172.86,173.36,552888
2024-08-16,PTC,172.95,174.81,172.795,173.56,445658
2024-08-19,PTC,173.85,176.429,173.52,176.34,567515
2024-08-20,PTC,176.46,177.16,175.69,176.17,434995
2024-08-21,PTC,176.54,177.63,176.06,177.55,378044
2024-08-22,PTC,177.7,178.6095,174.73,174.97,413155
2024-08-23,PTC,176.23,177.49,174.77,177.31,766541
2024-08-26,PTC,178.0,178.29,175.37,175.95,373647
2024-08-27,PTC,174.95,176.35,173.3,176.06,1092255
2024-08-28,PTC,175.35,176.075,173.45,173.88,787642
2024-08-29,PTC,175.28,178.735,175.28,177.11,975410
2024-08-30,PTC,178.74,180.0,175.675,179.09,1490077
2024-09-03,PTC,178.36,179.15,172.84,173.62,812138
2024-09-04,PTC,173.12,173.12,170.06,170.21,908608
2024-09-05,PTC,169.64,170.035,167.56,168.5,1096544
2024-09-06,PTC,168.99,169.79,164.44,164.76,1079964
2024-09-09,PTC,166.19,168.72,166.19,167.8,782280
2024-09-10,PTC,169.03,169.48,165.83,166.94,850638
2024-09-11,PTC,166.56,168.84,164.36,168.69,847438
2024-09-12,PTC,168.78,171.66,167.56,170.94,1035654
2024-09-13,PTC,170.84,172.84,170.11,172.23,807124
2024-09-16,PTC,173.16,174.03,171.42,173.76,732434
2024-09-17,PTC,174.91,176.49,173.95,175.7,705491
2024-09-18,PTC,176.06,177.33,174.7,175.13,656759
2024-09-19,PTC,179.73,180.61,177.98,179.13,690323
2024-09-20,PTC,178.6,178.6,174.59,175.9,1576599
2024-09-23,PTC,176.71,178.26,176.24,177.96,475838
2024-09-24,PTC,177.96,178.77,176.43,177.79,406547
2024-09-25,PTC,178.12,178.39,175.59,176.2,443479
2024-09-26,PTC,177.95,181.14,176.52,181.01,576559
2024-09-27,PTC,181.22,182.705,180.17,182.18,610849
2024-09-30,PTC,181.61,182.51,179.681,180.66,599959
2024-10-01,PTC,180.09,180.635,175.5,175.97,701632
2024-10-02,PTC,175.71,178.11,174.74,177.91,383617
2024-10-03,PTC,176.91,177.895,176.0,177.07,478935
2024-10-04,PTC,178.78,179.735,178.13,179.6,364251
2024-10-07,PTC,178.77,179.32,176.4,177.29,705847
2024-10-08,PTC,177.88,178.375,176.475,178.0,553850
2024-10-09,PTC,178.39,182.0,178.345,181.59,498548
2024-10-10,PTC,180.21,181.84,179.63,180.39,549056
2024-10-11,PTC,180.98,181.71,180.26,181.0,555848
2024-10-14,PTC,181.99,186.11,181.99,185.5,681075
2024-10-15,PTC,185.5,188.08,183.48,184.01,795213
2024-10-16,PTC,184.01,186.0,183.15,184.48,609761
2024-10-17,PTC,185.4,186.105,183.97,185.22,356212
2024-10-18,PTC,186.22,186.96,184.18,184.4,424488
2024-10-21,PTC,183.81,184.88,182.77,184.81,570756
2024-10-22,PTC,183.96,184.52,181.7,182.93,425874
2024-10-23,PTC,182.12,183.68,179.78,183.59,694997
2024-10-24,PTC,184.73,184.8,182.49,183.63,531886
2024-10-25,PTC,184.71,187.52,184.68,187.01,802472
2024-10-28,PTC,188.13,188.9911,185.09,185.25,680266
2024-10-29,PTC,185.99,190.87,185.2601,189.35,652484
2024-10-30,PTC,189.41,190.795,186.53,186.84,684898
2024-10-31,PTC,186.55,187.08,184.47,185.33,683744
2024-11-01,PTC,183.45,187.49,182.361,185.03,739700
2024-11-04,PTC,184.59,187.09,184.33,186.225,861368
2024-11-05,PTC,186.6,190.01,186.6,189.99,900769
2024-11-06,PTC,195.01,199.48,194.29,198.04,1731098
2024-11-07,PTC,193.85,196.99,189.44,190.05,1677073
2024-11-08,PTC,189.39,193.75,183.73,192.83,1598923
2024-11-11,PTC,192.76,197.58,192.225,194.09,1132011
2024-11-12,PTC,193.05,194.59,192.19,192.92,810912
2024-11-13,PTC,192.44,195.1,192.11,193.46,852669
2024-11-14,PTC,193.57,195.56,190.65,191.11,749721
2024-11-15,PTC,190.59,191.76,188.74,190.01,687016
2024-11-18,PTC,189.74,190.51,187.5,189.26,737550
2024-11-19,PTC,187.15,189.84,186.89,189.27,754674
2024-11-20,PTC,189.0,189.46,186.96,188.5,588169
2024-11-21,PTC,190.76,193.835,189.1,192.75,677700
2024-11-22,PTC,192.65,197.83,191.977,197.64,932083
2024-11-25,PTC,197.81,201.66,197.81,200.59,1471458
2024-11-26,PTC,200.49,200.68,198.46,199.26,755974
2024-11-27,PTC,198.39,199.42,197.03,199.01,551854
2024-11-29,PTC,199.45,200.45,197.525,200.06,340023
2024-12-02,PTC,198.7,200.335,196.25,199.38,720749
2024-12-03,PTC,198.71,200.45,198.06,200.2,456163
2024-12-04,PTC,200.5,202.775,199.845,201.19,542677
2024-12-05,PTC,200.96,201.29,199.505,200.86,694731
2024-12-06,PTC,202.19,202.8,199.995,200.92,721362
2024-12-09,PTC,200.68,201.595,199.39,199.59,455404
2024-12-10,PTC,198.76,200.22,197.545,198.35,608268
2024-12-11,PTC,199.68,202.75,199.54,201.89,578094
2024-12-12,PTC,202.21,203.09,200.565,201.3,768158
2024-12-13,PTC,201.05,202.12,197.72,198.68,593390
2024-12-16,PTC,198.9,201.77,196.631,200.07,701569
2024-12-17,PTC,199.89,199.89,196.55,196.9,775139
2024-12-18,PTC,196.9,197.16,187.85,188.83,1093503
2024-12-19,PTC,190.19,192.05,186.96,187.13,953456
2024-12-20,PTC,185.51,188.8,185.23,187.58,2158895
2024-12-23,PTC,186.68,186.68,184.11,185.25,705352
2024-12-24,PTC,186.11,187.25,184.84,187.1,312406
2024-12-26,PTC,186.67,186.76,185.32,185.91,302821
2024-12-27,PTC,185.03,186.185,182.54,184.5,431077
2024-12-30,PTC,183.15,184.345,181.435,183.66,495210
2024-12-31,PTC,184.62,184.62,182.7436,183.87,666022
2025-01-02,PTC,184.41,184.96,181.61,183.01,885833
2025-01-03,PTC,183.72,185.15,182.995,184.54,677933
2025-01-06,PTC,185.21,186.41,184.46,184.83,818625
2025-01-07,PTC,185.87,186.13,181.31,183.09,1021245
2025-01-08,PTC,183.09,184.9,182.25,184.36,492735
2025-01-10,PTC,182.22,184.68,180.82,182.38,858893
2025-01-13,PTC,181.06,183.0661,180.92,182.42,757531
2025-01-14,PTC,183.41,185.83,183.39,185.5,815448
2025-01-15,PTC,189.16,189.26,185.24,185.37,549432
2025-01-16,PTC,185.9,187.665,185.08,186.97,523165
2025-01-17,PTC,189.53,189.53,187.31,187.79,612373
2025-01-21,PTC,189.55,190.035,184.82,187.9,882880
2025-01-22,PTC,188.05,189.56,187.72,187.93,767756
2025-01-23,PTC,186.77,189.07,186.49,189.07,920900
2025-01-24,PTC,189.07,190.27,188.5,188.96,741903
2025-01-27,PTC,187.93,191.68,187.41,188.48,850106
2025-01-28,PTC,189.14,192.75,187.79,190.93,988655
2025-01-29,PTC,190.06,190.42,187.265,189.08,996274
2025-01-30,PTC,190.58,194.115,190.23,192.01,1634053
2025-01-31,PTC,192.86,195.225,191.84,193.48,1470215
2025-02-03,PTC,190.0,190.92,185.0,189.88,908935
2025-02-04,PTC,191.57,193.44,190.6756,191.07,758682
2025-02-05,PTC,190.99,193.48,189.007,189.76,1321373
2025-02-06,PTC,182.76,185.045,169.73,171.61,4443546
2025-02-07,PTC,172.75,173.92,167.65,169.02,1970173
2025-02-10,PTC,170.33,171.59,165.97,168.42,1812946
2025-02-11,PTC,166.82,169.99,166.82,167.98,1423665
2025-02-12,PTC,166.4,167.49,164.68,166.57,1110439
2025-02-13,PTC,166.94,168.01,165.09,167.93,1358985
2025-02-14,PTC,168.0,171.31,166.685,171.1,1445073
2025-02-18,PTC,171.17,172.085,169.0,170.79,1277543
2025-02-19,PTC,170.44,170.44,167.37,169.92,975171
2025-02-20,PTC,169.81,169.81,164.43,165.76,1024502
2025-02-21,PTC,165.81,165.92,161.02,161.65,902435
2025-02-24,PTC,162.12,163.97,160.53,162.58,1049879
2025-02-25,PTC,162.69,165.005,161.54,162.72,1448202
2025-02-26,PTC,162.99,165.1,162.4,163.03,844035
2025-02-27,PTC,163.63,165.62,162.22,162.75,1172121
2025-02-28,PTC,163.43,163.76,160.805,163.63,1541980
2025-03-03,PTC,165.0,165.01,159.56,160.56,1218776
2025-03-04,PTC,159.04,160.31,155.5305,158.44,1063603
2025-03-05,PTC,158.02,161.56,157.39,161.16,705504
2025-03-06,PTC,160.04,161.89,159.18,160.56,1044135
2025-03-07,PTC,160.09,163.09,158.115,162.65,1273461
2025-03-10,PTC,160.77,162.7,159.41,161.02,1317468
2025-03-11,PTC,160.33,160.775,156.38,157.28,1333985
2025-03-12,PTC,158.42,159.87,155.94,157.0,962066
2025-03-13,PTC,155.79,156.92,151.8,153.3,1361401
2025-03-14,PTC,155.13,156.25,153.21,155.8,1488075
2025-03-17,PTC,155.53,160.3,154.795,158.79,1035717
2025-03-18,PTC,158.14,160.08,157.78,160.02,594926
2025-03-19,PTC,159.61,162.4385,159.61,161.24,619359
2025-03-20,PTC,160.2,161.595,159.32,159.9,728542
2025-03-21,PTC,158.83,160.93,157.6025,159.84,1544374
2025-03-24,PTC,161.41,163.06,160.41,161.45,582865
2025-03-25,PTC,162.62,163.3,161.14,162.8,974889
2025-03-26,PTC,162.68,163.91,161.0,162.15,644551
2025-03-27,PTC,161.11,161.38,158.65,160.31,1022072
2025-03-28,PTC,159.93,160.62,154.27,154.8,976001
2025-03-31,PTC,153.76,155.4,151.92,154.95,1458541
2025-04-01,PTC,154.19,156.44,153.2,156.2,1131921
2025-04-02,PTC,154.74,158.42,154.6,157.16,692202
2025-04-03,PTC,151.83,152.86,146.9,149.53,1416549
2025-04-04,PTC,145.85,145.85,139.66,139.77,1244269
2025-04-07,PTC,136.91,144.81,134.1601,139.69,1867024
2025-04-08,PTC,142.72,145.11,134.265,136.74,1081948
2025-04-09,PTC,134.61,149.62,133.38,149.24,1450187
2025-04-10,PTC,144.86,146.725,139.335,143.76,1019440
2025-04-11,PTC,143.62,145.75,140.66,145.32,893406
2025-04-14,PTC,147.09,147.905,145.19,146.54,946209
2025-04-15,PTC,146.62,148.52,146.54,147.06,552573
2025-04-16,PTC,144.62,146.94,141.33,143.98,1128590
2025-04-17,PTC,144.38,144.87,142.92,143.56,655601
2025-04-21,PTC,142.19,142.27,138.315,139.62,585903
2025-04-22,PTC,141.89,143.97,140.7,143.81,683826
2025-04-23,PTC,147.61,151.17,146.77,147.7,658091
2025-04-24,PTC,146.88,152.06,146.19,151.64,787400
2025-04-25,PTC,150.78,154.13,150.44,154.03,1016811
2025-04-28,PTC,153.95,155.81,151.34,151.83,943754
2025-04-29,PTC,151.84,154.21,151.84,153.65,660633
2025-04-30,PTC,151.66,155.33,149.99,154.97,1403764
2025-05-01,PTC,160.205,160.585,151.67,156.34,1819129
2025-05-02,PTC,159.04,162.92,157.64,160.09,852238
2025-05-05,PTC,158.64,162.95,158.635,161.33,984919
2025-05-06,PTC,159.19,162.4,158.14,158.72,835155
2025-05-07,PTC,159.63,161.41,158.935,161.05,649895
2025-05-08,PTC,161.26,166.11,159.97,164.74,1196269
2025-05-09,PTC,168.06,168.06,162.64,163.02,481357
2025-05-12,PTC,167.98,170.9,167.432,170.51,1076566
2025-05-13,PTC,170.47,172.745,170.08,170.96,1047260
2025-05-14,PTC,170.3,172.19,169.52,171.47,929842
2025-05-15,PTC,170.26,172.065,170.03,171.8,668571
2025-05-16,PTC,171.35,173.05,169.94,172.91,656174
2025-05-19,PTC,170.32,172.9,169.48,172.39,514817
2025-05-20,PTC,172.12,174.255,171.5,173.24,606561
2025-05-21,PTC,171.42,172.73,169.06,169.13,709924
2025-05-22,PTC,169.09,171.275,168.205,170.37,808324
2025-05-23,PTC,167.64,169.73,167.33,168.77,692185
