date,ticker,open,high,low,close,volume
2020-04-15,GILT.US,7.3508,7.3777,7.2702,7.3508,148003
2020-04-16,GILT.US,7.2074,7.3687,7.0998,7.3598,269757
2020-04-17,GILT.US,7.566,7.566,7.3777,7.4494,243723
2020-04-20,GILT.US,7.4763,7.548,7.362,7.4763,253179
2020-04-21,GILT.US,7.4136,7.4673,7.3149,7.4494,420921
2020-04-22,GILT.US,7.5032,7.557,7.4494,7.4943,211483
2020-04-23,GILT.US,7.4763,7.5928,7.4673,7.5122,359120
2020-04-24,GILT.US,7.5749,7.5749,7.4466,7.5211,136753
2020-04-27,GILT.US,7.5749,7.6377,7.5211,7.6197,665877
2020-04-28,GILT.US,7.6797,7.7542,7.539,7.6018,448179
2020-04-29,GILT.US,7.7631,7.7631,7.6377,7.7452,339859
2020-04-30,GILT.US,7.566,7.7005,7.5451,7.6646,324227
2020-05-01,GILT.US,7.6197,7.6735,7.539,7.6735,307060
2020-05-04,GILT.US,7.5749,7.6467,7.5211,7.5928,301472
2020-05-05,GILT.US,7.5928,7.6556,7.548,7.5839,371295
2020-05-06,GILT.US,7.6018,7.6018,7.4584,7.4673,231451
2020-05-07,GILT.US,7.5301,7.5839,7.4943,7.548,144720
2020-05-08,GILT.US,7.6197,7.7094,7.5749,7.6735,258224
2020-05-11,GILT.US,7.6735,7.6825,7.5839,7.6018,247045
2020-05-12,GILT.US,7.6197,7.6467,7.5301,7.5301,1154460
2020-05-13,GILT.US,7.539,7.5839,7.4226,7.4405,228679
2020-05-14,GILT.US,7.3687,7.4584,7.3508,7.4226,338467
2020-05-15,GILT.US,7.3956,7.4943,7.3956,7.4046,327103
2020-05-18,GILT.US,7.4853,7.6018,7.4584,7.557,421861
2020-05-19,GILT.US,7.5839,7.6288,7.539,7.539,121014
2020-05-20,GILT.US,7.6467,7.6735,7.5749,7.6377,230258
2020-05-21,GILT.US,7.5839,7.6288,7.539,7.539,129042
2020-05-22,GILT.US,7.5301,7.6108,7.4763,7.5301,146523
2020-05-26,GILT.US,7.5211,7.6197,7.4943,7.566,574192
2020-05-27,GILT.US,7.6288,7.6288,7.4853,7.539,228111
2020-05-28,GILT.US,7.6547,7.6547,7.4405,7.4584,289348
2020-05-29,GILT.US,7.4853,7.5032,7.4226,7.4943,377011
2020-06-01,GILT.US,7.4405,7.539,7.4278,7.4539,269424
2020-06-02,GILT.US,7.3598,7.4136,7.0819,7.1446,673795
2020-06-03,GILT.US,7.1536,7.2612,6.8757,7.1805,887094
2020-06-04,GILT.US,7.0281,7.055,6.2123,6.2303,1193588
2020-06-05,GILT.US,6.3468,6.4813,6.3199,6.4275,439470
2020-06-08,GILT.US,6.3827,6.4992,6.1944,6.3199,433711
2020-06-09,GILT.US,6.2751,6.2933,5.9524,6.1406,471179
2020-06-10,GILT.US,6.0152,6.0331,5.7641,5.8134,423290
2020-06-11,GILT.US,5.6834,5.7372,5.4145,5.4862,479778
2020-06-12,GILT.US,5.6566,5.8132,5.4325,5.5759,313501
2020-06-15,GILT.US,5.5042,5.5042,5.298,5.4145,459578
2020-06-16,GILT.US,5.5938,5.791,5.5579,5.5938,420431
2020-06-17,GILT.US,5.6476,5.6889,5.3876,5.5131,405578
2020-06-18,GILT.US,5.5131,5.6476,5.3518,5.5938,635923
2020-06-19,GILT.US,5.6476,5.7551,5.3607,5.7104,804265
2020-06-22,GILT.US,5.7462,5.8269,5.6655,5.7104,622030
2020-06-23,GILT.US,5.7104,5.809,5.6745,5.6834,230404
2020-06-24,GILT.US,5.6745,5.6968,5.419,5.5579,326873
2020-06-25,GILT.US,5.4862,5.4862,5.3607,5.4683,233258
2020-06-26,GILT.US,5.4504,5.5759,5.4055,5.5042,254330
2020-06-29,GILT.US,5.531,5.6924,5.4683,5.6745,186887
2020-06-30,GILT.US,5.6655,5.9254,5.6655,5.7104,363207
2020-07-01,GILT.US,5.773,5.8,5.6924,5.7104,256444
2020-07-02,GILT.US,5.7372,5.782,5.6296,5.6476,227844
2020-07-06,GILT.US,5.7193,5.7193,5.6027,5.6387,243033
2020-07-07,GILT.US,5.6027,5.6117,5.4145,5.4772,233227
2020-07-08,GILT.US,5.4504,5.4952,4.5225,4.6884,4791023
2020-07-09,GILT.US,4.6615,4.6884,4.4733,4.5718,1160990
2020-07-10,GILT.US,4.5718,4.7054,4.5091,4.5808,586739
2020-07-13,GILT.US,4.5987,4.6078,4.4374,4.4733,524810
2020-07-14,GILT.US,4.4463,4.4822,4.4284,4.4643,471101
2020-07-15,GILT.US,4.4822,4.7421,4.4463,4.7332,1050656
2020-07-16,GILT.US,4.7511,4.9125,4.6525,4.8453,993853
2020-07-17,GILT.US,4.8945,5.047,4.8498,4.9125,650797
2020-07-20,GILT.US,4.8677,4.9036,4.8049,4.8587,261825
2020-07-21,GILT.US,4.8319,4.8856,4.7691,4.778,270818
2020-07-22,GILT.US,4.7601,4.7959,4.5897,4.7421,317137
2020-07-23,GILT.US,4.6974,4.7511,4.6212,4.6704,119280
2020-07-24,GILT.US,4.6615,4.7332,4.5897,4.6346,202730
2020-07-27,GILT.US,4.6167,4.8766,4.5817,4.8677,395304
2020-07-28,GILT.US,4.8049,5.0201,4.7959,4.9932,384194
2020-07-29,GILT.US,5.1057,5.1057,4.8766,5.0649,768040
2020-07-30,GILT.US,4.9036,5.047,4.8856,5.0111,162498
2020-07-31,GILT.US,4.9932,5.1366,4.9483,5.0111,159229
2020-08-03,GILT.US,4.9483,4.9798,4.8319,4.8677,222753
2020-08-04,GILT.US,4.8587,4.9483,4.787,4.8498,194118
2020-08-05,GILT.US,4.8228,4.9215,4.8128,4.8677,200261
2020-08-06,GILT.US,5.0828,5.2084,4.8945,5.029,908397
2020-08-07,GILT.US,5.038,5.1724,4.9663,5.1545,222697
2020-08-10,GILT.US,5.2084,5.2711,5.0021,5.0828,271531
2020-08-11,GILT.US,5.1007,5.1187,5.0201,5.047,164761
2020-08-12,GILT.US,5.0111,5.1635,5.0111,5.056,196408
2020-08-13,GILT.US,5.038,5.1007,5.0111,5.047,128473
2020-08-14,GILT.US,5.029,5.1097,5.0111,5.0649,77303
2020-08-17,GILT.US,5.0739,5.1007,5.0111,5.0649,60670
2020-08-18,GILT.US,5.056,5.056,4.8677,5.0201,124333
2020-08-19,GILT.US,4.9573,5.0201,4.9036,5.0201,148237
2020-08-20,GILT.US,4.9215,5.0021,4.8945,4.9483,112792
2020-08-21,GILT.US,4.9036,4.9215,4.8498,4.8856,98027
2020-08-24,GILT.US,4.8498,4.9662,4.8498,4.9573,168727
2020-08-25,GILT.US,4.9573,4.9752,4.8228,4.8945,105338
2020-08-26,GILT.US,4.9036,4.9036,4.787,4.8319,148278
2020-08-27,GILT.US,4.8587,4.8587,4.7332,4.7601,82110
2020-08-28,GILT.US,4.778,4.8287,4.7153,4.7959,128811
2020-08-31,GILT.US,4.8139,4.9215,4.8139,4.8319,160454
2020-09-01,GILT.US,4.8587,4.8587,4.7681,4.787,119011
2020-09-02,GILT.US,4.8139,4.9304,4.8139,4.8677,132360
2020-09-03,GILT.US,4.8408,4.8587,4.7646,4.7959,131486
2020-09-04,GILT.US,4.778,4.806,4.6526,4.7511,156524
2020-09-08,GILT.US,4.7601,5.0649,4.7063,4.8856,476042
2020-09-09,GILT.US,4.8945,4.9753,4.8766,4.9125,168512
2020-09-10,GILT.US,4.9304,5.0245,4.9036,4.9215,139692
2020-09-11,GILT.US,4.9125,4.9215,4.8183,4.8498,51688
2020-09-14,GILT.US,4.8498,4.9349,4.8049,4.9036,141556
2020-09-15,GILT.US,4.9036,4.9842,4.9036,4.9573,117552
2020-09-16,GILT.US,4.9483,4.9662,4.8856,4.9125,99413
2020-09-17,GILT.US,4.8587,5.029,4.8049,4.9662,190683
2020-09-18,GILT.US,4.9753,5.038,4.9304,4.9753,126215
2020-09-21,GILT.US,4.9753,4.9842,4.8363,4.9753,178246
2020-09-22,GILT.US,5.038,5.1097,4.9125,5.047,161876
2020-09-23,GILT.US,5.0201,5.1724,4.9753,5.0649,248062
2020-09-24,GILT.US,4.9932,5.0887,4.9842,5.047,211062
2020-09-25,GILT.US,5.038,5.0918,5.0201,5.047,64053
2020-09-28,GILT.US,5.047,5.0739,5.038,5.038,90197
2020-09-29,GILT.US,5.047,5.1007,5.029,5.0739,82318
2020-09-30,GILT.US,5.0739,5.0828,4.796,4.8856,329520
2020-10-01,GILT.US,4.8856,4.9125,4.5897,4.7242,547381
2020-10-02,GILT.US,4.6436,4.7153,4.5897,4.6704,205534
2020-10-05,GILT.US,4.7601,4.7691,4.3029,4.7601,5034734
2020-10-06,GILT.US,4.8408,4.9215,4.6704,4.8498,2462375
2020-10-07,GILT.US,4.8945,4.9394,4.8498,4.9304,895069
2020-10-08,GILT.US,4.9125,4.9215,4.6257,4.7063,939776
2020-10-09,GILT.US,4.7332,4.7421,4.5897,4.6974,497280
2020-10-12,GILT.US,4.6974,4.6974,4.5539,4.6167,550951
2020-10-13,GILT.US,4.6346,4.6346,4.4553,4.4733,313083
2020-10-14,GILT.US,4.5001,4.5405,4.3881,4.4822,568165
2020-10-15,GILT.US,4.6974,4.7601,4.5629,4.7511,1018738
2020-10-16,GILT.US,4.7511,4.8228,4.7063,4.7691,636794
2020-10-19,GILT.US,4.9753,4.9753,4.8766,4.9215,1327789
2020-10-20,GILT.US,4.9394,4.9483,4.787,4.8587,395630
2020-10-21,GILT.US,4.8945,4.9215,4.8049,4.8677,416743
2020-10-22,GILT.US,4.9842,4.9842,4.9125,4.9394,344536
2020-10-23,GILT.US,4.9573,5.0201,4.8945,5.0021,545712
2020-10-26,GILT.US,4.9932,5.1097,4.9081,5.1097,521970
2020-10-27,GILT.US,5.1366,5.1456,5.029,5.047,356405
2020-10-28,GILT.US,5.1277,5.1456,4.9483,5.1277,418470
2020-10-29,GILT.US,5.1277,5.3607,5.1097,5.3159,526390
2020-10-30,GILT.US,5.4055,5.4055,5.2263,5.3697,808514
2020-11-02,GILT.US,5.4325,5.4414,5.2711,5.3697,581004
2020-11-03,GILT.US,5.3518,5.3518,5.2352,5.3069,371284
2020-11-04,GILT.US,5.3428,5.4235,5.3069,5.3786,1137559
2020-11-05,GILT.US,5.3876,5.511,5.2845,5.298,649869
2020-11-06,GILT.US,5.298,5.4593,5.2711,5.4504,841142
2020-11-09,GILT.US,5.6117,5.6476,5.4055,5.4055,605291
2020-11-10,GILT.US,5.0958,5.4337,5.0067,5.1615,995019
2020-11-11,GILT.US,5.1897,5.1991,4.9832,5.0677,273244
2020-11-12,GILT.US,5.0677,5.1803,4.9832,5.0114,157219
2020-11-13,GILT.US,5.0489,5.1146,4.9832,5.0302,169973
2020-11-16,GILT.US,5.1428,5.1709,5.0302,5.1052,297814
2020-11-17,GILT.US,5.0958,5.1052,5.002,5.0489,211929
2020-11-18,GILT.US,5.0395,5.1193,4.9832,5.1146,274411
2020-11-19,GILT.US,5.124,5.2085,5.0489,5.0677,138656
2020-11-20,GILT.US,5.0677,5.1932,5.0208,5.1428,159535
2020-11-23,GILT.US,5.3305,5.4525,5.2929,5.3868,280977
2020-11-24,GILT.US,5.6026,5.6497,5.5182,5.5369,505255
2020-11-25,GILT.US,5.5838,5.6214,5.4525,5.5651,174791
2020-11-27,GILT.US,5.6308,5.7715,5.612,5.7715,194575
2020-11-30,GILT.US,5.7715,5.7715,5.5932,5.6871,238861
2020-12-01,GILT.US,5.7058,5.7622,5.5182,5.7622,256332
2020-12-02,GILT.US,5.6683,5.7246,5.5651,5.6308,215892
2020-12-03,GILT.US,5.6965,5.8466,5.6589,5.8185,336424
2020-12-04,GILT.US,5.8654,5.978,5.8278,5.9405,274802
2020-12-07,GILT.US,5.9968,6.0062,5.9217,5.9405,344628
2020-12-08,GILT.US,6.0718,6.1094,5.9592,6.1094,664003
2020-12-09,GILT.US,6.1188,6.1469,5.8748,5.9968,381114
2020-12-10,GILT.US,5.978,6.0062,5.7152,5.978,476942
2020-12-11,GILT.US,5.9405,6.1,5.8278,5.8748,561187
2020-12-14,GILT.US,6.1282,6.1375,6.0062,6.0062,318012
2020-12-15,GILT.US,6.0531,6.0578,5.9217,5.9874,306237
2020-12-16,GILT.US,5.9968,6.0531,5.7246,5.7528,407952
2020-12-17,GILT.US,5.8278,5.9311,5.6308,5.7246,494098
2020-12-18,GILT.US,5.7903,5.8654,5.6683,5.7809,587585
2020-12-21,GILT.US,5.7715,5.8091,5.4431,5.734,575426
2020-12-22,GILT.US,5.7715,5.8185,5.5838,5.6871,298880
2020-12-23,GILT.US,5.7809,5.8748,5.6495,5.7528,329660
2020-12-24,GILT.US,5.7622,5.7715,5.6308,5.6683,115394
2020-12-28,GILT.US,5.7997,6.0625,5.7903,6.0249,517287
2020-12-29,GILT.US,6.0343,6.0361,5.7809,5.8372,331713
2020-12-30,GILT.US,6.0906,6.1094,6.0015,6.0343,657231
2020-12-31,GILT.US,6.1188,6.1282,6.0343,6.1188,465913
2021-01-04,GILT.US,6.432,6.7945,6.3628,6.7475,1220385
2021-01-05,GILT.US,6.7757,6.7851,6.4097,6.4848,1126979
2021-01-06,GILT.US,6.5692,6.7616,6.5692,6.7569,703842
2021-01-07,GILT.US,6.8508,7.2355,6.7006,7.198,1012178
2021-01-08,GILT.US,7.19,7.23,6.88,6.99,681672
2021-01-11,GILT.US,7.01,7.0138,6.75,6.81,626174
2021-01-12,GILT.US,6.8,6.95,6.79,6.85,500077
2021-01-13,GILT.US,6.93,6.95,6.68,6.81,362852
2021-01-14,GILT.US,7.09,7.59,6.98,7.5,1545117
2021-01-15,GILT.US,7.62,7.72,7.15,7.32,870848
2021-01-19,GILT.US,8.39,9.75,8.3,9.22,8328086
2021-01-20,GILT.US,9.0,9.64,8.9,9.38,2782556
2021-01-21,GILT.US,9.3,9.37,8.52,9.15,2266240
2021-01-22,GILT.US,9.06,10.34,9.0,10.1,2381419
2021-01-25,GILT.US,10.87,13.99,10.71,12.1,10735844
2021-01-26,GILT.US,12.28,13.2156,11.14,12.66,5720809
2021-01-27,GILT.US,11.82,13.26,11.72,12.45,3869879
2021-01-28,GILT.US,12.3217,12.5589,11.02,11.68,3253604
2021-01-29,GILT.US,11.7,12.3457,11.14,11.42,1966532
2021-02-01,GILT.US,12.14,12.24,11.24,11.68,1847689
2021-02-02,GILT.US,11.76,12.17,11.52,11.81,1516203
2021-02-03,GILT.US,12.07,13.43,11.81,13.15,3006221
2021-02-04,GILT.US,13.3897,13.985,13.0912,13.53,2528257
2021-02-05,GILT.US,13.95,16.59,13.63,15.19,4548070
2021-02-08,GILT.US,15.65,19.09,15.65,18.49,5271695
2021-02-09,GILT.US,18.26,19.82,17.86,19.2,3009468
2021-02-10,GILT.US,19.32,22.69,18.76,20.17,5226186
2021-02-11,GILT.US,19.88,20.79,18.53,19.04,3012539
2021-02-12,GILT.US,19.5,22.62,19.2,21.3,3938102
2021-02-16,GILT.US,20.49,21.15,18.26,19.07,5597674
2021-02-17,GILT.US,18.2,18.49,16.4047,18.19,4050949
2021-02-18,GILT.US,16.99,17.1467,15.09,15.22,6509449
2021-02-19,GILT.US,16.0,16.17,15.2,15.34,2896353
2021-02-22,GILT.US,15.06,16.5,14.95,15.14,3590591
2021-02-23,GILT.US,14.3,14.35,12.3501,14.07,3653913
2021-02-24,GILT.US,14.58,15.64,14.52,14.84,2497568
2021-02-25,GILT.US,14.83,14.91,13.8,13.93,3165818
2021-02-26,GILT.US,13.74,14.75,13.31,13.97,2232215
2021-03-01,GILT.US,14.6764,15.22,14.5001,14.755,1723470
2021-03-02,GILT.US,14.65,14.84,14.03,14.06,1212388
2021-03-03,GILT.US,14.1908,14.2,12.63,12.65,2316513
2021-03-04,GILT.US,12.72,12.9999,10.88,11.49,3324071
2021-03-05,GILT.US,11.4,11.9,10.01,11.35,2753786
2021-03-08,GILT.US,11.2698,11.85,11.0,11.14,1746293
2021-03-09,GILT.US,11.81,12.64,11.68,12.32,2197496
2021-03-10,GILT.US,13.04,13.3,12.25,12.54,1356015
2021-03-11,GILT.US,12.94,13.6,12.85,13.44,1286889
2021-03-12,GILT.US,13.24,13.38,12.8,13.36,1028997
2021-03-15,GILT.US,13.77,13.975,13.35,13.61,1306683
2021-03-16,GILT.US,13.63,13.71,12.32,12.6,1570693
2021-03-17,GILT.US,12.1391,13.08,11.92,12.87,1113397
2021-03-18,GILT.US,12.71,13.06,12.2705,12.37,954132
2021-03-19,GILT.US,12.38,12.63,12.11,12.29,966196
2021-03-22,GILT.US,12.59,12.74,11.9,11.97,978464
2021-03-23,GILT.US,11.89,11.89,11.1,11.23,1202929
2021-03-24,GILT.US,11.46,11.55,10.37,10.44,2038428
2021-03-25,GILT.US,10.08,10.69,9.88,10.52,1308254
2021-03-26,GILT.US,10.71,10.79,10.03,10.42,1158436
2021-03-29,GILT.US,10.755,11.43,10.23,10.42,2456242
2021-03-30,GILT.US,10.2,10.25,9.36,10.06,2070733
2021-03-31,GILT.US,10.22,10.67,10.22,10.46,1465188
2021-04-01,GILT.US,10.83,11.08,10.56,10.77,1223042
2021-04-05,GILT.US,11.1627,11.27,10.6,10.85,1279267
2021-04-06,GILT.US,10.7607,10.7799,10.38,10.61,962972
2021-04-07,GILT.US,10.59,10.77,10.3,10.42,593156
2021-04-08,GILT.US,10.52,10.63,10.3,10.59,567878
2021-04-09,GILT.US,10.51,10.8,10.51,10.61,448411
2021-04-12,GILT.US,10.5,10.54,9.72,9.74,1189063
2021-04-13,GILT.US,9.73,10.03,9.48,9.79,1003904
2021-04-14,GILT.US,9.8,10.33,9.751,10.03,690032
2021-04-15,GILT.US,10.01,10.0412,9.44,9.74,1059214
2021-04-16,GILT.US,9.5,9.93,9.5,9.89,640091
2021-04-19,GILT.US,9.96,10.01,9.38,9.63,1085737
2021-04-20,GILT.US,9.43,9.67,9.12,9.31,960862
2021-04-21,GILT.US,9.26,9.63,9.12,9.6,477051
2021-04-22,GILT.US,9.76,9.98,9.65,9.71,557279
2021-04-23,GILT.US,9.75,9.9,9.6446,9.845,428462
2021-04-26,GILT.US,9.96,10.38,9.82,10.23,661807
2021-04-27,GILT.US,10.46,10.48,10.05,10.16,500281
2021-04-28,GILT.US,10.06,10.44,10.0101,10.41,518434
2021-04-29,GILT.US,10.7,10.91,10.21,10.54,1186791
2021-04-30,GILT.US,10.21,10.28,9.97,10.05,726374
2021-05-03,GILT.US,10.53,10.613,10.0,10.15,1710795
2021-05-04,GILT.US,9.95,9.98,9.1301,9.63,1372145
2021-05-05,GILT.US,9.77,10.0,9.6,9.74,686072
2021-05-06,GILT.US,9.7,9.7665,9.311,9.53,701140
2021-05-07,GILT.US,9.47,9.85,9.37,9.66,659768
2021-05-10,GILT.US,9.5805,9.63,8.95,8.95,847758
2021-05-11,GILT.US,8.55,9.09,8.46,8.99,1029642
2021-05-12,GILT.US,8.82,8.99,8.72,8.73,693823
2021-05-13,GILT.US,8.78,8.9795,8.32,8.57,900299
2021-05-14,GILT.US,8.64,8.87,8.48,8.75,491437
2021-05-17,GILT.US,8.8,8.89,8.63,8.79,452026
2021-05-18,GILT.US,8.9,9.28,8.78,9.1,431041
2021-05-19,GILT.US,8.95,8.95,8.61,8.91,607092
2021-05-20,GILT.US,9.08,9.51,8.98,9.5,571677
2021-05-21,GILT.US,9.66,9.75,9.32,9.45,362623
2021-05-24,GILT.US,9.47,9.58,9.26,9.33,345238
2021-05-25,GILT.US,9.37,9.4699,9.15,9.28,384237
2021-05-26,GILT.US,9.35,9.77,9.34,9.73,368627
2021-05-27,GILT.US,9.73,10.09,9.6,10.07,487335
2021-05-28,GILT.US,10.18,10.3399,9.92,10.09,499241
2021-06-01,GILT.US,10.08,10.1,9.76,9.86,465573
2021-06-02,GILT.US,9.9,10.2,9.85,10.16,405338
2021-06-03,GILT.US,10.09,10.36,9.95,10.31,471503
2021-06-04,GILT.US,10.36,10.6,10.31,10.52,494153
2021-06-07,GILT.US,10.52,10.82,10.51,10.71,692214
2021-06-08,GILT.US,10.75,10.995,10.65,10.97,610613
2021-06-09,GILT.US,10.98,11.08,10.63,10.65,588577
2021-06-10,GILT.US,10.7,10.9,10.52,10.79,484208
2021-06-11,GILT.US,10.8,11.0763,10.8,10.87,448563
2021-06-14,GILT.US,10.95,11.1998,10.88,11.06,513256
2021-06-15,GILT.US,11.02,11.05,10.27,10.28,749140
2021-06-16,GILT.US,10.43,10.55,10.2838,10.53,339395
2021-06-17,GILT.US,10.42,10.58,10.0218,10.23,921751
2021-06-18,GILT.US,10.1,10.27,9.81,9.86,1257008
2021-06-21,GILT.US,9.86,9.94,9.67,9.87,606842
2021-06-22,GILT.US,9.92,10.15,9.7166,10.11,480920
2021-06-23,GILT.US,10.17,10.34,10.0649,10.18,361866
2021-06-24,GILT.US,10.13,10.18,10.07,10.18,396874
2021-06-25,GILT.US,10.22,10.39,10.19,10.27,302075
2021-06-28,GILT.US,10.25,10.31,9.92,10.01,686220
2021-06-29,GILT.US,10.07,10.4199,10.03,10.34,525109
2021-06-30,GILT.US,10.33,10.33,10.09,10.18,398564
2021-07-01,GILT.US,10.17,10.23,10.02,10.23,305599
2021-07-02,GILT.US,10.26,10.26,9.8,9.95,542456
2021-07-06,GILT.US,10.0,10.35,9.8586,10.31,609807
2021-07-07,GILT.US,10.33,10.68,9.97,10.12,801984
2021-07-08,GILT.US,9.88,10.23,9.71,10.2,543657
2021-07-09,GILT.US,10.24,10.59,10.19,10.43,626975
2021-07-12,GILT.US,10.47,10.52,10.07,10.17,498818
2021-07-13,GILT.US,10.14,10.22,10.02,10.1,425265
2021-07-14,GILT.US,10.23,10.311,9.75,9.8,589124
2021-07-15,GILT.US,9.77,9.77,9.06,9.21,992630
2021-07-16,GILT.US,9.38,9.45,9.07,9.25,433790
2021-07-19,GILT.US,9.08,9.24,8.71,9.16,678523
2021-07-20,GILT.US,9.16,9.52,9.1101,9.49,355674
2021-07-21,GILT.US,9.64,10.12,9.64,10.0,453386
2021-07-22,GILT.US,10.06,10.09,9.57,9.93,438826
2021-07-23,GILT.US,10.0,10.0499,9.7301,9.81,232274
2021-07-26,GILT.US,9.82,10.17,9.82,9.91,448788
2021-07-27,GILT.US,9.9,9.9,9.3,9.62,397124
2021-07-28,GILT.US,9.62,10.07,9.61,9.93,340413
2021-07-29,GILT.US,10.15,10.67,10.12,10.44,789226
2021-07-30,GILT.US,10.29,10.56,10.24,10.48,379511
2021-08-02,GILT.US,10.55,10.5977,10.32,10.37,496414
2021-08-03,GILT.US,10.45,10.45,10.0,10.24,524500
2021-08-04,GILT.US,10.12,10.18,9.95,10.09,386001
2021-08-05,GILT.US,10.12,10.4899,10.07,10.41,318813
2021-08-06,GILT.US,10.42,10.57,10.27,10.48,428495
2021-08-09,GILT.US,10.45,10.63,10.33,10.4,490617
2021-08-10,GILT.US,10.53,10.64,10.1,10.57,828165
2021-08-11,GILT.US,10.6,10.63,10.05,10.23,721164
2021-08-12,GILT.US,10.16,10.48,9.9825,10.36,358133
2021-08-13,GILT.US,10.48,10.48,10.14,10.34,377877
2021-08-16,GILT.US,10.25,10.29,10.01,10.13,409146
2021-08-17,GILT.US,10.0,10.0,9.31,9.66,712537
2021-08-18,GILT.US,9.57,9.97,9.32,9.63,400456
2021-08-19,GILT.US,9.61,9.73,9.4642,9.54,413925
2021-08-20,GILT.US,9.54,10.0,9.49,10.0,373875
2021-08-23,GILT.US,10.09,10.38,10.07,10.24,427472
2021-08-24,GILT.US,10.28,10.49,10.2479,10.49,330517
2021-08-25,GILT.US,10.46,10.58,10.17,10.25,587408
2021-08-26,GILT.US,10.2,10.2,9.62,9.7,836932
2021-08-27,GILT.US,9.72,9.97,9.68,9.8,504340
2021-08-30,GILT.US,9.8583,10.52,9.85,9.93,1185474
2021-08-31,GILT.US,9.96,10.11,9.79,9.83,467548
2021-09-01,GILT.US,9.85,10.02,9.82,9.86,392392
2021-09-02,GILT.US,9.94,9.94,9.68,9.77,863574
2021-09-03,GILT.US,9.8,9.84,9.61,9.74,442121
2021-09-07,GILT.US,9.75,9.8699,9.5,9.66,521385
2021-09-08,GILT.US,9.66,9.68,8.9,9.28,893740
2021-09-09,GILT.US,9.32,9.715,9.3,9.54,445074
2021-09-10,GILT.US,9.63,9.66,9.33,9.35,262529
2021-09-13,GILT.US,9.41,9.54,9.25,9.49,406823
2021-09-14,GILT.US,9.52,9.58,9.1555,9.2,414906
2021-09-15,GILT.US,9.25,9.28,9.02,9.26,306057
2021-09-16,GILT.US,9.22,9.3,9.03,9.15,355259
2021-09-17,GILT.US,9.2,9.35,9.12,9.24,507560
2021-09-20,GILT.US,9.0003,9.14,8.77,8.9,591491
2021-09-21,GILT.US,8.93,9.0,8.74,8.91,386919
2021-09-22,GILT.US,9.0,9.23,8.97,9.18,375123
2021-09-23,GILT.US,9.34,9.6581,9.31,9.48,564410
2021-09-24,GILT.US,9.39,9.43,9.22,9.27,297855
2021-09-27,GILT.US,9.28,9.45,9.2,9.27,333502
2021-09-28,GILT.US,9.18,9.2487,8.96,8.98,459606
2021-09-29,GILT.US,9.03,9.09,8.8301,8.84,400200
2021-09-30,GILT.US,8.93,9.08,8.87,8.99,358248
2021-10-01,GILT.US,9.0445,9.05,8.79,8.91,411156
2021-10-04,GILT.US,8.83,8.85,8.35,8.4,893426
2021-10-05,GILT.US,8.4,8.57,8.37,8.45,393833
2021-10-06,GILT.US,8.36,8.43,8.2,8.34,384981
2021-10-07,GILT.US,8.58,8.6833,8.47,8.49,355773
2021-10-08,GILT.US,8.54,8.54,8.31,8.37,286665
2021-10-11,GILT.US,8.44,8.54,8.34,8.39,321331
2021-10-12,GILT.US,8.41,8.46,8.22,8.37,346212
2021-10-13,GILT.US,8.46,8.56,8.41,8.56,243198
2021-10-14,GILT.US,8.72,8.74,8.47,8.49,303739
2021-10-15,GILT.US,8.51,8.54,8.32,8.43,349772
2021-10-18,GILT.US,8.46,8.48,8.21,8.4,503730
2021-10-19,GILT.US,8.46,8.65,8.43,8.65,301073
2021-10-20,GILT.US,8.65,8.67,8.415,8.58,597504
2021-10-21,GILT.US,8.52,8.558,8.34,8.42,439925
2021-10-22,GILT.US,8.39,8.39,8.16,8.34,407383
2021-10-25,GILT.US,8.36,8.53,8.36,8.44,393794
2021-10-26,GILT.US,8.5,8.5,8.2,8.27,384982
2021-10-27,GILT.US,8.28,8.35,8.14,8.2,315708
2021-10-28,GILT.US,8.25,8.33,8.2,8.3,314960
2021-10-29,GILT.US,8.26,8.3,8.0394,8.19,368012
2021-11-01,GILT.US,8.18,8.52,8.16,8.49,619169
2021-11-02,GILT.US,8.45,8.45,8.17,8.32,626348
2021-11-03,GILT.US,8.33,8.6,8.24,8.56,347334
2021-11-04,GILT.US,8.6,8.63,8.4,8.45,418168
2021-11-05,GILT.US,8.51,8.55,8.36,8.45,321134
2021-11-08,GILT.US,8.49,8.5,8.22,8.23,632352
2021-11-09,GILT.US,8.27,8.73,8.27,8.43,747136
2021-11-10,GILT.US,8.41,8.41,8.08,8.09,389949
2021-11-11,GILT.US,8.13,8.22,8.06,8.08,455075
2021-11-12,GILT.US,8.05,8.0799,7.8,7.98,580577
2021-11-15,GILT.US,8.03,8.04,7.82,7.83,469996
2021-11-16,GILT.US,7.86,7.88,7.62,7.68,472508
2021-11-17,GILT.US,7.64,7.69,7.43,7.5,549800
2021-11-18,GILT.US,7.52,7.52,7.23,7.32,479630
2021-11-19,GILT.US,7.27,7.3797,7.11,7.18,522189
2021-11-22,GILT.US,7.16,7.16,6.85,6.86,570060
2021-11-23,GILT.US,6.86,7.03,6.83,6.98,422672
2021-11-24,GILT.US,6.96,7.095,6.84,7.06,266842
2021-11-26,GILT.US,6.79,6.92,6.58,6.75,358350
2021-11-29,GILT.US,6.86,6.99,6.76,6.98,532903
2021-11-30,GILT.US,6.98,7.09,6.795,7.08,442489
2021-12-01,GILT.US,7.22,7.329,6.93,6.98,561470
2021-12-02,GILT.US,6.96,7.22,6.87,7.16,446283
2021-12-03,GILT.US,7.24,7.459,7.03,7.09,608182
2021-12-06,GILT.US,7.1,7.22,6.85,7.21,610837
2021-12-07,GILT.US,7.36,7.63,7.36,7.47,431499
2021-12-08,GILT.US,7.48,7.73,7.47,7.71,375551
2021-12-09,GILT.US,7.65,7.6891,7.45,7.52,323873
2021-12-10,GILT.US,7.685,7.685,7.44,7.54,211639
2021-12-13,GILT.US,7.47,7.47,7.07,7.22,519129
2021-12-14,GILT.US,7.15,7.37,7.14,7.32,348083
2021-12-15,GILT.US,7.33,7.42,7.11,7.4,332044
2021-12-16,GILT.US,7.49,7.54,7.21,7.27,342301
2021-12-17,GILT.US,7.19,7.54,7.0738,7.47,798956
2021-12-20,GILT.US,7.1849,7.34,7.05,7.25,329533
2021-12-21,GILT.US,7.27,7.55,7.22,7.5,344533
2021-12-22,GILT.US,7.56,7.57,7.43,7.5,234172
2021-12-23,GILT.US,7.48,7.5,7.32,7.43,248181
2021-12-27,GILT.US,7.39,7.41,7.23,7.3,362599
2021-12-28,GILT.US,7.28,7.34,7.13,7.17,327998
2021-12-29,GILT.US,7.25,7.3597,7.1733,7.21,373349
2021-12-30,GILT.US,7.18,7.33,7.1407,7.18,447150
2021-12-31,GILT.US,7.18,7.2353,7.06,7.07,393012
2022-01-03,GILT.US,7.54,8.67,7.53,8.56,2340367
2022-01-04,GILT.US,8.47,8.47,7.855,8.31,1013689
2022-01-05,GILT.US,8.45,8.68,8.1553,8.22,758203
2022-01-06,GILT.US,8.505,8.505,7.94,8.09,667320
2022-01-07,GILT.US,8.045,8.29,7.96,8.1,352395
2022-01-10,GILT.US,8.05,8.052,7.4301,7.87,750219
2022-01-11,GILT.US,7.84,8.0399,7.76,7.94,309365
2022-01-12,GILT.US,8.03,8.08,7.8,7.91,286626
2022-01-13,GILT.US,7.99,8.41,7.99,8.06,514281
2022-01-14,GILT.US,8.02,8.05,7.5959,7.86,399901
2022-01-18,GILT.US,7.8,7.81,7.6207,7.72,328097
2022-01-19,GILT.US,7.7,7.9,7.67,7.78,293891
2022-01-20,GILT.US,7.84,8.09,7.789,7.81,406312
2022-01-21,GILT.US,7.62,7.71,7.41,7.57,453125
2022-01-24,GILT.US,7.32,7.45,6.87,7.42,842526
2022-01-25,GILT.US,7.33,7.5999,7.15,7.55,353709
2022-01-26,GILT.US,7.6,7.64,7.21,7.28,264295
2022-01-27,GILT.US,7.411,7.51,7.1,7.21,413301
2022-01-28,GILT.US,7.15,7.5,7.15,7.49,265760
2022-01-31,GILT.US,7.5,7.63,7.46,7.57,248149
2022-02-01,GILT.US,7.55,7.65,7.45,7.59,232694
2022-02-02,GILT.US,7.73,7.88,7.66,7.79,364927
2022-02-03,GILT.US,7.62,7.83,7.6,7.75,216672
2022-02-04,GILT.US,7.69,7.75,7.5031,7.55,195583
2022-02-07,GILT.US,7.7113,7.74,7.55,7.62,179255
2022-02-08,GILT.US,7.6,7.75,7.6,7.75,127895
2022-02-09,GILT.US,7.84,7.99,7.84,7.98,243742
2022-02-10,GILT.US,8.0,8.59,8.0,8.34,600707
2022-02-11,GILT.US,8.34,8.45,8.17,8.2,304628
2022-02-14,GILT.US,8.1704,8.21,7.96,8.01,268358
2022-02-15,GILT.US,8.43,8.73,8.4,8.7,642831
2022-02-16,GILT.US,8.69,9.1,8.61,9.05,381631
2022-02-17,GILT.US,8.9,8.99,8.65,8.75,315775
2022-02-18,GILT.US,8.76,8.76,8.34,8.52,307759
2022-02-22,GILT.US,8.34,8.42,8.16,8.25,292297
2022-02-23,GILT.US,8.22,8.32,8.05,8.05,313270
2022-02-24,GILT.US,7.6,7.99,7.46,7.98,469688
2022-02-25,GILT.US,8.02,8.1599,7.83,7.93,232331
2022-02-28,GILT.US,7.81,8.23,7.81,8.22,269892
2022-03-01,GILT.US,8.07,8.29,7.93,8.18,3015579
2022-03-02,GILT.US,8.14,8.475,8.1368,8.46,215043
2022-03-03,GILT.US,8.45,8.4782,8.06,8.16,857884
2022-03-04,GILT.US,8.02,8.12,7.8,8.01,1372249
2022-03-07,GILT.US,7.88,8.04,7.7031,7.99,578536
2022-03-08,GILT.US,7.97,8.1932,7.9,8.02,265794
2022-03-09,GILT.US,8.17,8.49,8.11,8.32,354168
2022-03-10,GILT.US,8.25,8.37,8.0,8.36,1727713
2022-03-11,GILT.US,8.42,8.42,7.92,7.99,237153
2022-03-14,GILT.US,8.06,8.17,7.7,7.77,381479
2022-03-15,GILT.US,7.82,7.97,7.64,7.89,345651
2022-03-16,GILT.US,7.93,8.04,7.75,8.02,273394
2022-03-17,GILT.US,8.0,8.0962,7.88,8.04,216636
2022-03-18,GILT.US,8.0,8.3,7.9229,8.17,705430
2022-03-21,GILT.US,8.32,8.32,8.04,8.18,251733
2022-03-22,GILT.US,8.24,8.48,8.23,8.39,257266
2022-03-23,GILT.US,8.33,8.4099,8.22,8.27,176513
2022-03-24,GILT.US,8.32,8.41,8.24,8.35,151141
2022-03-25,GILT.US,8.38,8.65,8.27,8.63,269943
2022-03-28,GILT.US,8.672,8.91,8.65,8.83,331932
2022-03-29,GILT.US,8.95,8.98,8.82,8.89,235379
2022-03-30,GILT.US,8.96,9.0299,8.83,8.87,191144
2022-03-31,GILT.US,8.84,8.93,8.74,8.81,156046
2022-04-01,GILT.US,8.87,9.01,8.702,8.99,226202
2022-04-04,GILT.US,9.1,9.1074,8.88,9.02,343991
2022-04-05,GILT.US,8.98,9.0362,8.71,8.74,143729
2022-04-06,GILT.US,8.6938,8.72,8.45,8.68,269612
2022-04-07,GILT.US,8.64,8.8198,8.4,8.45,217168
2022-04-08,GILT.US,8.5,8.5,8.15,8.19,202417
2022-04-11,GILT.US,8.065,8.205,7.96,8.07,210843
2022-04-12,GILT.US,8.1,8.225,7.88,7.96,155794
2022-04-13,GILT.US,7.99,8.18,7.96,8.1,135538
2022-04-14,GILT.US,8.16,8.2757,8.11,8.24,179134
2022-04-18,GILT.US,8.23,8.23,7.82,7.85,200475
2022-04-19,GILT.US,7.8,7.88,7.68,7.86,203817
2022-04-20,GILT.US,7.85,7.87,7.58,7.6,167889
2022-04-21,GILT.US,7.66,7.7,7.4,7.46,250528
2022-04-22,GILT.US,7.46,7.54,7.28,7.39,226149
2022-04-25,GILT.US,7.33,7.47,7.21,7.43,276294
2022-04-26,GILT.US,7.4,7.45,7.2104,7.27,294703
2022-04-27,GILT.US,7.24,7.4,7.19,7.21,269856
2022-04-28,GILT.US,7.45,7.4827,7.2,7.34,177399
2022-04-29,GILT.US,7.28,7.48,7.28,7.35,163346
2022-05-02,GILT.US,7.17,7.46,7.16,7.41,215255
2022-05-03,GILT.US,7.36,7.47,7.25,7.34,126828
2022-05-04,GILT.US,7.3,7.39,7.1165,7.38,140825
2022-05-05,GILT.US,7.25,7.34,7.08,7.1,165927
2022-05-06,GILT.US,7.1,7.1,6.9,7.05,211801
2022-05-09,GILT.US,6.96,6.96,6.64,6.82,447046
2022-05-10,GILT.US,6.81,6.9246,6.5,6.77,314380
2022-05-11,GILT.US,6.7,6.735,6.45,6.54,269655
2022-05-12,GILT.US,6.44,6.57,6.33,6.49,255847
2022-05-13,GILT.US,6.49,6.7799,6.49,6.71,164494
2022-05-16,GILT.US,6.71,6.95,6.7,6.82,170219
2022-05-17,GILT.US,6.89,7.1304,6.89,7.09,200534
2022-05-18,GILT.US,7.0,7.15,6.85,7.0,161825
2022-05-19,GILT.US,6.83,6.9,6.75,6.85,165988
2022-05-20,GILT.US,6.89,6.9557,6.57,6.73,208705
2022-05-23,GILT.US,6.8,6.918,6.7102,6.82,187022
2022-05-24,GILT.US,6.69,6.69,6.505,6.57,168371
2022-05-25,GILT.US,6.48,6.63,6.34,6.61,298582
2022-05-26,GILT.US,6.6,6.85,6.6,6.69,130705
2022-05-27,GILT.US,6.77,6.86,6.72,6.83,218933
2022-05-31,GILT.US,6.75,6.83,6.43,6.48,308262
2022-06-01,GILT.US,6.5,6.66,6.43,6.6,214084
2022-06-02,GILT.US,6.57,6.7699,6.57,6.7,191788
2022-06-03,GILT.US,6.7,6.75,6.56,6.73,134941
2022-06-06,GILT.US,6.82,6.82,6.42,6.62,297678
2022-06-07,GILT.US,6.48,6.63,6.39,6.58,172037
2022-06-08,GILT.US,6.58,6.62,6.37,6.42,183397
2022-06-09,GILT.US,6.39,6.39,6.21,6.24,399638
2022-06-10,GILT.US,6.2,6.2038,6.0,6.1,235069
2022-06-13,GILT.US,5.94,5.9899,5.805,5.84,352252
2022-06-14,GILT.US,5.81,5.85,5.6201,5.82,228108
2022-06-15,GILT.US,5.9,6.12,5.86,6.11,348430
2022-06-16,GILT.US,5.92,6.1,5.85,6.0,342204
2022-06-17,GILT.US,6.0501,6.38,6.03,6.09,963034
2022-06-21,GILT.US,6.14,6.23,5.98,6.0,222109
2022-06-22,GILT.US,5.94,6.09,5.93,5.94,128403
2022-06-23,GILT.US,5.94,6.05,5.91,6.0,121370
2022-06-24,GILT.US,6.08,6.195,6.0494,6.15,166047
2022-06-27,GILT.US,6.2,6.27,6.1545,6.2,120978
2022-06-28,GILT.US,6.27,6.3374,6.11,6.13,107039
2022-06-29,GILT.US,6.1,6.13,5.97,6.08,101524
2022-06-30,GILT.US,5.98,6.0791,5.9,6.04,138929
2022-07-01,GILT.US,6.02,6.1358,5.882,6.03,116996
2022-07-05,GILT.US,6.01,6.07,5.88,6.05,129263
2022-07-06,GILT.US,6.04,6.1,6.0,6.01,86014
2022-07-07,GILT.US,6.02,6.34,6.02,6.17,227206
2022-07-08,GILT.US,6.2,6.33,6.17,6.21,129500
2022-07-11,GILT.US,6.22,6.28,6.075,6.09,106131
2022-07-12,GILT.US,6.08,6.17,6.08,6.13,105862
2022-07-13,GILT.US,6.08,6.17,6.0,6.06,116945
2022-07-14,GILT.US,6.01,6.03,5.9101,6.01,93029
2022-07-15,GILT.US,6.06,6.14,5.995,6.12,75200
2022-07-18,GILT.US,6.18,6.33,6.18,6.25,146799
2022-07-19,GILT.US,6.33,6.4799,6.3048,6.43,153716
2022-07-20,GILT.US,6.45,6.66,6.42,6.65,176814
2022-07-21,GILT.US,6.66,6.72,6.53,6.64,183817
2022-07-22,GILT.US,6.61,6.65,6.43,6.49,264388
2022-07-25,GILT.US,6.59,6.65,6.5,6.58,127294
2022-07-26,GILT.US,6.52,6.59,6.423,6.51,83821
2022-07-27,GILT.US,6.55,6.68,6.49,6.67,103343
2022-07-28,GILT.US,6.59,6.6606,6.54,6.6,160042
2022-07-29,GILT.US,6.6,6.67,6.58,6.62,105983
2022-08-01,GILT.US,6.7,6.865,6.69,6.78,184406
2022-08-02,GILT.US,6.78,6.9799,6.75,6.88,132516
2022-08-03,GILT.US,6.94,7.03,6.86,6.94,142164
2022-08-04,GILT.US,7.0,7.0,6.85,6.92,153757
2022-08-05,GILT.US,6.91,6.99,6.86,6.95,96169
2022-08-08,GILT.US,7.04,7.2211,7.035,7.18,210454
2022-08-09,GILT.US,7.03,7.14,6.81,6.91,212489
2022-08-10,GILT.US,6.92,7.2,6.92,7.19,118956
2022-08-11,GILT.US,7.23,7.2399,7.0,7.0,112096
2022-08-12,GILT.US,7.07,7.21,7.0372,7.2,99718
2022-08-15,GILT.US,7.09,7.3,7.0628,7.27,187290
2022-08-16,GILT.US,7.23,7.33,7.21,7.21,128249
2022-08-17,GILT.US,7.2,7.2,6.97,7.07,142237
2022-08-18,GILT.US,7.05,7.22,7.05,7.16,148830
2022-08-19,GILT.US,7.08,7.08,6.9,6.9,117593
2022-08-22,GILT.US,6.75,6.8,6.705,6.75,249394
2022-08-23,GILT.US,6.7,6.84,6.7,6.82,85953
2022-08-24,GILT.US,6.79,6.9,6.79,6.86,124720
2022-08-25,GILT.US,6.88,6.93,6.816,6.88,71682
2022-08-26,GILT.US,6.87,6.88,6.69,6.72,90181
2022-08-29,GILT.US,6.56,6.75,6.56,6.67,134464
2022-08-30,GILT.US,6.66,6.6715,6.5415,6.61,122509
2022-08-31,GILT.US,6.6,6.62,6.5,6.56,133289
2022-09-01,GILT.US,6.4,6.42,6.205,6.26,182455
2022-09-02,GILT.US,6.27,6.3199,6.13,6.13,100537
2022-09-06,GILT.US,6.13,6.15,5.95,6.12,230869
2022-09-07,GILT.US,6.11,6.2499,6.065,6.2,152328
2022-09-08,GILT.US,6.1,6.1899,6.01,6.09,121586
2022-09-09,GILT.US,6.16,6.34,6.1,6.29,152901
2022-09-12,GILT.US,6.29,6.33,6.21,6.29,132193
2022-09-13,GILT.US,6.11,6.25,6.11,6.14,130010
2022-09-14,GILT.US,6.0,6.12,6.0,6.1,110554
2022-09-15,GILT.US,6.07,6.07,5.83,5.88,182917
2022-09-16,GILT.US,5.76,5.86,5.6746,5.81,206863
2022-09-19,GILT.US,5.72,5.81,5.72,5.77,117061
2022-09-20,GILT.US,5.7,5.72,5.57,5.63,111710
2022-09-21,GILT.US,5.63,5.68,5.53,5.6,117163
2022-09-22,GILT.US,5.51,5.55,5.3,5.48,687079
2022-09-23,GILT.US,5.36,5.36,5.15,5.31,201305
2022-09-26,GILT.US,5.24,5.3899,5.1701,5.19,139328
2022-09-27,GILT.US,5.23,5.39,5.23,5.38,158305
2022-09-28,GILT.US,5.28,5.52,5.28,5.48,130916
2022-09-29,GILT.US,5.32,5.39,5.25,5.35,105064
2022-09-30,GILT.US,5.35,5.48,5.3,5.33,176118
2022-10-03,GILT.US,5.36,5.5,5.33,5.46,88586
2022-10-04,GILT.US,5.57,5.8,5.56,5.8,122246
2022-10-05,GILT.US,5.67,5.7,5.55,5.59,122448
2022-10-06,GILT.US,5.5,5.55,5.44,5.49,95214
2022-10-07,GILT.US,5.43,5.45,5.32,5.36,92472
2022-10-10,GILT.US,5.36,5.42,5.3,5.34,82826
2022-10-11,GILT.US,5.35,5.365,5.2101,5.28,100237
2022-10-12,GILT.US,5.36,5.36,5.07,5.18,104842
2022-10-13,GILT.US,5.0,5.21,4.97,5.15,202715
2022-10-14,GILT.US,5.2,5.2,4.97,5.0,92833
2022-10-17,GILT.US,5.05,5.17,5.01,5.08,103369
2022-10-18,GILT.US,5.13,5.29,5.12,5.22,103347
2022-10-19,GILT.US,5.14,5.23,5.03,5.05,98449
2022-10-20,GILT.US,5.09,5.27,5.07,5.21,159037
2022-10-21,GILT.US,5.18,5.28,5.15,5.24,124730
2022-10-24,GILT.US,5.33,5.69,5.25,5.63,256597
2022-10-25,GILT.US,5.63,5.8799,5.5873,5.8,205365
2022-10-26,GILT.US,5.7,5.96,5.69,5.79,236502
2022-10-27,GILT.US,5.79,6.04,5.79,5.86,149735
2022-10-28,GILT.US,5.91,6.08,5.88,6.05,169837
2022-10-31,GILT.US,6.02,6.07,5.98,6.06,87052
2022-11-01,GILT.US,6.1,6.24,6.08,6.08,140923
2022-11-02,GILT.US,6.03,6.26,6.01,6.07,134935
2022-11-03,GILT.US,5.8804,5.95,5.82,5.9,133334
2022-11-04,GILT.US,5.9,5.96,5.82,5.89,110985
2022-11-07,GILT.US,5.79,5.82,5.58,5.62,173193
2022-11-08,GILT.US,5.56,5.67,5.48,5.53,98823
2022-11-09,GILT.US,5.38,5.59,5.34,5.55,273397
2022-11-10,GILT.US,5.72,5.96,5.72,5.8,171331
2022-11-11,GILT.US,5.75,5.93,5.71,5.86,157823
2022-11-14,GILT.US,5.76,6.1915,5.72,6.08,228009
2022-11-15,GILT.US,6.02,6.17,5.91,5.95,148547
2022-11-16,GILT.US,5.9,5.9,5.65,5.72,91910
2022-11-17,GILT.US,5.66,5.79,5.55,5.77,266308
2022-11-18,GILT.US,5.87,5.94,5.79,5.79,63855
2022-11-21,GILT.US,5.8,6.0,5.8,5.93,132897
2022-11-22,GILT.US,5.96,5.97,5.813,5.91,95767
2022-11-23,GILT.US,5.89,6.045,5.8447,6.0,91403
2022-11-25,GILT.US,6.1,6.18,6.05,6.15,70429
2022-11-28,GILT.US,6.12,6.165,5.98,6.03,118874
2022-11-29,GILT.US,6.01,6.0999,5.89,6.08,132310
2022-11-30,GILT.US,6.07,6.24,5.85,6.18,199207
2022-12-01,GILT.US,6.2,6.2299,6.07,6.1,117570
2022-12-02,GILT.US,6.11,6.12,5.94,6.1,319532
2022-12-05,GILT.US,6.09,6.09,5.96,5.97,126687
2022-12-06,GILT.US,5.85,5.88,5.67,5.67,263692
2022-12-07,GILT.US,5.6,5.66,5.54,5.63,155537
2022-12-08,GILT.US,5.6,5.8,5.46,5.75,144311
2022-12-09,GILT.US,5.73,5.9,5.67,5.7,148534
2022-12-12,GILT.US,5.66,5.6825,5.33,5.54,407669
2022-12-13,GILT.US,5.77,5.79,5.43,5.55,263935
2022-12-14,GILT.US,5.45,5.51,5.31,5.35,338263
2022-12-15,GILT.US,5.25,5.39,5.22,5.3,296226
2022-12-16,GILT.US,5.22,5.27,5.04,5.13,1270678
2022-12-19,GILT.US,5.11,5.6,5.11,5.52,400273
2022-12-20,GILT.US,5.5,5.59,5.32,5.51,217091
2022-12-21,GILT.US,5.52,5.68,5.49,5.61,185847
2022-12-22,GILT.US,5.54,5.54,5.33,5.42,129660
2022-12-23,GILT.US,5.42,5.51,5.35,5.47,96214
2022-12-27,GILT.US,5.45,5.53,5.3901,5.45,213000
2022-12-28,GILT.US,5.4,5.58,5.36,5.57,229910
2022-12-29,GILT.US,5.58,5.885,5.56,5.87,191565
2022-12-30,GILT.US,5.77,5.8763,5.725,5.8,234085
2023-01-03,GILT.US,5.85,5.97,5.82,5.94,205071
2023-01-04,GILT.US,5.97,6.148,5.92,6.11,162735
2023-01-05,GILT.US,6.01,6.095,6.0001,6.08,62501
2023-01-06,GILT.US,6.1,6.19,6.08,6.16,68737
2023-01-09,GILT.US,6.18,6.24,6.14,6.14,98256
2023-01-10,GILT.US,6.16,6.17,6.02,6.03,84757
2023-01-11,GILT.US,6.11,6.22,6.1,6.22,105555
2023-01-12,GILT.US,6.22,6.22,6.1,6.15,79787
2023-01-13,GILT.US,6.11,6.21,6.11,6.15,51423
2023-01-17,GILT.US,6.14,6.25,6.14,6.22,124403
2023-01-18,GILT.US,6.21,6.21,5.83,5.87,138914
2023-01-19,GILT.US,5.78,5.79,5.53,5.55,130878
2023-01-20,GILT.US,5.57,5.57,5.435,5.45,231544
2023-01-23,GILT.US,5.45,5.74,5.4452,5.69,205096
2023-01-24,GILT.US,5.68,5.73,5.55,5.65,135583
2023-01-25,GILT.US,5.5,5.55,5.41,5.52,120280
2023-01-26,GILT.US,5.56,5.675,5.5,5.65,96864
2023-01-27,GILT.US,5.63,5.74,5.56,5.59,93926
2023-01-30,GILT.US,5.49,5.5,5.405,5.41,113636
2023-01-31,GILT.US,5.42,5.56,5.4,5.51,150969
2023-02-01,GILT.US,5.48,5.77,5.48,5.72,168380
2023-02-02,GILT.US,5.95,6.14,5.88,6.12,332976
2023-02-03,GILT.US,6.02,6.05,5.875,5.93,112315
2023-02-06,GILT.US,5.75,5.83,5.65,5.66,136766
2023-02-07,GILT.US,5.57,5.67,5.47,5.55,145641
2023-02-08,GILT.US,5.53,5.57,5.43,5.43,79352
2023-02-09,GILT.US,5.5,5.5,5.36,5.36,73723
2023-02-10,GILT.US,5.35,5.43,5.34,5.41,71157
2023-02-13,GILT.US,5.61,5.77,5.5847,5.64,168582
2023-02-14,GILT.US,5.73,6.03,5.73,5.92,182750
2023-02-15,GILT.US,5.96,6.04,5.8231,5.94,171756
2023-02-16,GILT.US,5.85,5.95,5.77,5.81,121977
2023-02-17,GILT.US,5.85,5.9,5.7727,5.9,92100
2023-02-21,GILT.US,5.86,5.9,5.71,5.84,252387
2023-02-22,GILT.US,5.87,5.9,5.75,5.805,119961
2023-02-23,GILT.US,5.85,5.9,5.77,5.84,104998
2023-02-24,GILT.US,5.75,5.83,5.72,5.8,146758
2023-02-27,GILT.US,5.81,5.92,5.7701,5.84,96797
2023-02-28,GILT.US,5.76,5.89,5.7525,5.81,83621
2023-03-01,GILT.US,5.85,5.9199,5.81,5.83,99186
2023-03-02,GILT.US,5.8,5.83,5.77,5.83,67148
2023-03-03,GILT.US,5.82,5.85,5.75,5.75,65303
2023-03-06,GILT.US,5.84,5.84,5.63,5.67,107861
2023-03-07,GILT.US,5.68,5.715,5.561,5.61,74461
2023-03-08,GILT.US,5.64,5.6561,5.5,5.56,78647
2023-03-09,GILT.US,5.66,5.91,5.66,5.79,110954
2023-03-10,GILT.US,5.76,5.77,5.5,5.57,105743
2023-03-13,GILT.US,5.41,5.57,5.3387,5.55,201287
2023-03-14,GILT.US,5.66,5.715,5.54,5.59,69225
2023-03-15,GILT.US,5.55,5.6,5.45,5.55,88196
2023-03-16,GILT.US,5.48,5.59,5.47,5.48,94474
2023-03-17,GILT.US,5.48,5.52,5.36,5.44,73195
2023-03-20,GILT.US,5.41,5.475,5.25,5.31,114318
2023-03-21,GILT.US,5.4,5.49,5.4,5.47,97862
2023-03-22,GILT.US,5.49,5.54,5.36,5.41,98531
2023-03-23,GILT.US,5.45,5.62,5.318,5.35,134041
2023-03-24,GILT.US,5.3,5.37,5.24,5.37,56158
2023-03-27,GILT.US,5.4,5.42,5.32,5.35,73763
2023-03-28,GILT.US,5.33,5.34,5.14,5.18,59593
2023-03-29,GILT.US,5.2,5.222,5.06,5.08,161722
2023-03-30,GILT.US,5.08,5.12,5.02,5.03,114164
2023-03-31,GILT.US,5.04,5.13,5.01,5.12,251458
2023-04-03,GILT.US,5.07,5.245,5.07,5.19,167165
2023-04-04,GILT.US,5.19,5.205,5.095,5.16,78747
2023-04-05,GILT.US,5.16,5.1686,4.955,4.97,99550
2023-04-06,GILT.US,4.96,4.96,4.82,4.92,126276
2023-04-10,GILT.US,4.93,5.05,4.93,4.95,66065
2023-04-11,GILT.US,4.91,4.97,4.89,4.91,82011
2023-04-12,GILT.US,4.91,4.9337,4.75,4.81,202962
2023-04-13,GILT.US,4.81,4.9,4.79,4.83,82302
2023-04-14,GILT.US,4.82,4.83,4.69,4.77,87507
2023-04-17,GILT.US,4.79,4.79,4.69,4.78,90037
2023-04-18,GILT.US,4.79,4.82,4.7,4.8,94492
2023-04-19,GILT.US,4.8,4.89,4.77,4.84,158916
2023-04-20,GILT.US,4.75,4.9,4.65,4.835,177649
2023-04-21,GILT.US,4.81,4.81,4.61,4.61,79058
2023-04-24,GILT.US,4.7,5.0,4.7,4.86,154413
2023-04-25,GILT.US,4.87,4.8893,4.63,4.67,81220
2023-04-26,GILT.US,4.64,4.6499,4.51,4.58,102828
2023-04-27,GILT.US,4.63,4.79,4.53,4.69,101641
2023-04-28,GILT.US,4.66,4.75,4.575,4.72,62256
2023-05-01,GILT.US,4.91,5.01,4.86,4.94,131888
2023-05-02,GILT.US,5.0,5.0,4.78,4.85,74269
2023-05-03,GILT.US,4.91,4.99,4.8,4.98,133868
2023-05-04,GILT.US,5.1,5.17,5.07,5.16,90375
2023-05-05,GILT.US,5.18,5.31,5.17,5.21,87339
2023-05-08,GILT.US,5.34,5.44,5.32,5.43,142913
2023-05-09,GILT.US,5.68,5.76,5.32,5.55,217079
2023-05-10,GILT.US,5.62,5.62,5.3816,5.46,142185
2023-05-11,GILT.US,5.49,5.5,5.3801,5.49,63287
2023-05-12,GILT.US,5.49,5.53,5.36,5.51,109948
2023-05-15,GILT.US,5.5,5.64,5.4681,5.55,206442
2023-05-16,GILT.US,5.61,5.63,5.5,5.58,80041
2023-05-17,GILT.US,5.58,5.6183,5.51,5.58,55933
2023-05-18,GILT.US,5.6,5.66,5.54,5.64,82326
2023-05-19,GILT.US,5.62,5.78,5.5729,5.71,72756
2023-05-22,GILT.US,5.66,5.72,5.58,5.69,110228
2023-05-23,GILT.US,5.55,5.6,5.39,5.4,93995
2023-05-24,GILT.US,5.44,5.45,5.37,5.39,69672
2023-05-25,GILT.US,5.35,5.425,5.28,5.35,37951
2023-05-26,GILT.US,5.33,5.4,5.29,5.395,47291
2023-05-30,GILT.US,5.4,5.45,5.32,5.4,88887
2023-05-31,GILT.US,5.35,5.3546,5.22,5.24,84885
2023-06-01,GILT.US,5.25,5.3,5.21,5.25,67601
2023-06-02,GILT.US,5.26,5.345,5.18,5.19,67782
2023-06-05,GILT.US,5.25,5.285,5.19,5.27,84342
2023-06-06,GILT.US,5.31,5.59,5.31,5.585,132820
2023-06-07,GILT.US,5.57,5.7102,5.5,5.62,117358
2023-06-08,GILT.US,5.65,5.74,5.57,5.62,93008
2023-06-09,GILT.US,5.6,5.7,5.6,5.7,130179
2023-06-12,GILT.US,5.7,5.79,5.62,5.68,157157
2023-06-13,GILT.US,5.7,5.76,5.68,5.75,111485
2023-06-14,GILT.US,5.75,5.87,5.75,5.86,187250
2023-06-15,GILT.US,5.88,5.97,5.78,5.97,131794
2023-06-16,GILT.US,5.94,5.96,5.78,5.95,129427
2023-06-20,GILT.US,5.95,5.97,5.88,5.95,90362
2023-06-21,GILT.US,5.89,5.955,5.83,5.89,81883
2023-06-22,GILT.US,5.86,5.86,5.745,5.83,91603
2023-06-23,GILT.US,5.75,5.81,5.68,5.71,69064
2023-06-26,GILT.US,5.75,5.79,5.7,5.74,81753
2023-06-27,GILT.US,5.85,6.2,5.845,6.09,177268
2023-06-28,GILT.US,6.09,6.12,6.0,6.1,176417
2023-06-29,GILT.US,6.06,6.18,6.04,6.17,146610
2023-06-30,GILT.US,6.2,6.32,6.18,6.23,106276
2023-07-03,GILT.US,6.25,6.33,6.16,6.22,100908
2023-07-05,GILT.US,6.26,6.37,6.26,6.36,152048
2023-07-06,GILT.US,6.33,6.36,6.23,6.35,112653
2023-07-07,GILT.US,6.35,6.68,6.32,6.46,204563
2023-07-10,GILT.US,6.5,6.57,6.44,6.57,148959
2023-07-11,GILT.US,6.58,6.7,6.58,6.68,119956
2023-07-12,GILT.US,6.7,6.7,6.455,6.5,142934
2023-07-13,GILT.US,6.53,6.53,6.4,6.47,113413
2023-07-14,GILT.US,6.46,6.48,6.36,6.46,104057
2023-07-17,GILT.US,6.42,6.52,6.37,6.5,126960
2023-07-18,GILT.US,6.53,6.7,6.5,6.67,185431
2023-07-19,GILT.US,6.7,6.75,6.54,6.6,121220
2023-07-20,GILT.US,6.63,6.63,6.31,6.31,210936
2023-07-21,GILT.US,6.37,6.435,6.32,6.37,73548
2023-07-24,GILT.US,6.32,6.45,6.28,6.37,110397
2023-07-25,GILT.US,6.22,6.22,5.98,6.03,190083
2023-07-26,GILT.US,6.08,6.12,6.0202,6.1,68576
2023-07-27,GILT.US,6.07,6.13,6.0,6.01,94805
2023-07-28,GILT.US,6.01,6.11,6.01,6.05,53254
2023-07-31,GILT.US,6.06,6.32,6.06,6.23,144856
2023-08-01,GILT.US,6.17,6.37,6.17,6.33,103888
2023-08-02,GILT.US,6.32,6.37,6.23,6.29,114336
2023-08-03,GILT.US,6.26,6.44,6.25,6.27,87030
2023-08-04,GILT.US,6.23,6.33,6.2,6.27,95234
2023-08-07,GILT.US,6.35,6.37,6.2,6.29,104960
2023-08-08,GILT.US,6.72,7.16,6.56,7.01,536691
2023-08-09,GILT.US,7.06,7.06,6.73,6.905,340054
2023-08-10,GILT.US,6.9,7.1,6.85,6.86,135533
2023-08-11,GILT.US,6.84,6.99,6.77,6.96,82395
2023-08-14,GILT.US,6.81,6.97,6.78,6.81,106972
2023-08-15,GILT.US,6.77,6.86,6.6,6.635,124092
2023-08-16,GILT.US,6.61,6.7201,6.59,6.69,142916
2023-08-17,GILT.US,6.72,6.88,6.655,6.79,137790
2023-08-18,GILT.US,6.78,6.83,6.6062,6.695,103352
2023-08-21,GILT.US,6.62,6.7,6.46,6.57,131901
2023-08-22,GILT.US,6.6,6.66,6.54,6.61,68812
2023-08-23,GILT.US,6.6,6.7855,6.6,6.7,60659
2023-08-24,GILT.US,6.73,6.73,6.48,6.49,64955
2023-08-25,GILT.US,6.5,6.56,6.45,6.495,49975
2023-08-28,GILT.US,6.46,6.645,6.46,6.54,109502
2023-08-29,GILT.US,6.51,6.59,6.47,6.53,84914
2023-08-30,GILT.US,6.49,6.915,6.49,6.81,187838
2023-08-31,GILT.US,6.84,6.8719,6.65,6.66,93178
2023-09-01,GILT.US,6.65,6.74,6.58,6.71,108932
2023-09-05,GILT.US,6.68,6.75,6.61,6.63,72996
2023-09-06,GILT.US,6.59,6.63,6.5,6.51,90426
2023-09-07,GILT.US,6.45,6.5,6.42,6.47,71877
2023-09-08,GILT.US,6.43,6.4799,6.38,6.4,68203
2023-09-11,GILT.US,6.52,6.59,6.41,6.48,84123
2023-09-12,GILT.US,6.52,6.6,6.48,6.56,59826
2023-09-13,GILT.US,6.52,6.63,6.49,6.51,79940
2023-09-14,GILT.US,6.46,6.64,6.38,6.53,105627
2023-09-15,GILT.US,6.49,6.55,6.4,6.425,46927
2023-09-18,GILT.US,6.44,6.48,6.38,6.44,73024
2023-09-19,GILT.US,6.45,6.62,6.45,6.58,109272
2023-09-20,GILT.US,6.63,6.65,6.48,6.52,57079
2023-09-21,GILT.US,6.43,6.53,6.43,6.46,61339
2023-09-22,GILT.US,6.46,6.57,6.41,6.42,38733
2023-09-25,GILT.US,6.4,6.4612,6.31,6.38,74611
2023-09-26,GILT.US,6.3,6.38,6.27,6.3,62905
2023-09-27,GILT.US,6.31,6.385,6.2601,6.29,105875
2023-09-28,GILT.US,6.33,6.5,6.33,6.44,50090
2023-09-29,GILT.US,6.43,6.44,6.35,6.43,62182
2023-10-02,GILT.US,6.43,6.56,6.38,6.41,115510
2023-10-03,GILT.US,6.38,6.4258,6.33,6.34,85849
2023-10-04,GILT.US,6.35,6.45,6.2501,6.42,173051
2023-10-05,GILT.US,6.39,6.43,6.37,6.39,99808
2023-10-06,GILT.US,6.36,6.42,6.28,6.37,54268
2023-10-09,GILT.US,6.07,6.23,5.99,6.12,220208
2023-10-10,GILT.US,6.17,6.43,6.17,6.35,91171
2023-10-11,GILT.US,6.35,6.45,6.34,6.38,81041
2023-10-12,GILT.US,6.33,6.38,6.28,6.33,103897
2023-10-13,GILT.US,6.31,6.4109,6.13,6.18,63930
2023-10-16,GILT.US,6.14,6.2495,6.09,6.15,182266
2023-10-17,GILT.US,6.08,6.235,6.05,6.2,93057
2023-10-18,GILT.US,6.17,6.2,6.11,6.18,100839
2023-10-19,GILT.US,6.08,6.11,6.0,6.02,139426
2023-10-20,GILT.US,6.04,6.08,6.02,6.05,72987
2023-10-23,GILT.US,5.88,5.95,5.79,5.83,197449
2023-10-24,GILT.US,5.77,5.83,5.7,5.76,107051
2023-10-25,GILT.US,5.69,5.7955,5.66,5.67,78465
2023-10-26,GILT.US,5.58,5.71,5.58,5.64,84064
2023-10-27,GILT.US,5.61,5.65,5.52,5.52,67670
2023-10-30,GILT.US,5.66,5.85,5.65,5.83,117567
2023-10-31,GILT.US,5.9,6.02,5.88,6.01,109471
2023-11-01,GILT.US,6.19,6.31,6.18,6.31,149847
2023-11-02,GILT.US,6.5,6.55,6.28,6.32,84975
2023-11-03,GILT.US,6.39,6.51,6.35,6.45,78768
2023-11-06,GILT.US,6.41,6.5,6.35,6.42,92695
2023-11-07,GILT.US,6.28,6.28,5.83,6.01,260609
2023-11-08,GILT.US,6.15,6.21,6.04,6.1,126119
2023-11-09,GILT.US,6.14,6.17,5.91,5.91,60855
2023-11-10,GILT.US,5.92,6.06,5.89,6.02,59024
2023-11-13,GILT.US,5.93,5.98,5.88,5.94,78303
2023-11-14,GILT.US,6.03,6.18,6.03,6.17,87618
2023-11-15,GILT.US,6.25,6.37,6.22,6.32,81255
2023-11-16,GILT.US,6.42,6.46,6.28,6.3,75539
2023-11-17,GILT.US,6.32,6.4,6.27,6.4,45411
2023-11-20,GILT.US,6.34,6.38,6.26,6.3,46097
2023-11-21,GILT.US,6.26,6.325,6.26,6.28,52169
2023-11-22,GILT.US,6.33,6.38,6.23,6.26,48605
2023-11-24,GILT.US,6.22,6.34,6.22,6.32,21050
2023-11-27,GILT.US,6.37,6.47,6.33,6.41,100521
2023-11-28,GILT.US,6.41,6.43,6.36,6.4,40759
2023-11-29,GILT.US,6.42,6.5,6.41,6.47,44116
2023-11-30,GILT.US,6.39,6.4368,6.335,6.39,45176
2023-12-01,GILT.US,6.38,6.4499,6.32,6.35,47101
2023-12-04,GILT.US,6.36,6.4,6.25,6.31,123711
2023-12-05,GILT.US,6.29,6.3,6.17,6.21,105233
2023-12-06,GILT.US,6.35,6.46,6.32,6.36,77382
2023-12-07,GILT.US,6.5,6.8,6.48,6.8,206497
2023-12-08,GILT.US,6.57,6.7299,6.55,6.63,95954
2023-12-11,GILT.US,6.58,6.58,6.395,6.43,127494
2023-12-12,GILT.US,6.39,6.39,6.28,6.3,71350
2023-12-13,GILT.US,6.3,6.3354,6.18,6.3,119204
2023-12-14,GILT.US,6.31,6.39,6.23,6.23,86859
2023-12-15,GILT.US,6.19,6.23,6.06,6.11,166672
2023-12-18,GILT.US,6.07,6.2,6.06,6.15,109140
2023-12-19,GILT.US,6.2,6.22,6.13,6.18,58024
2023-12-20,GILT.US,6.15,6.275,6.12,6.15,94579
2023-12-21,GILT.US,6.2,6.24,6.15,6.17,110958
2023-12-22,GILT.US,6.17,6.3,6.165,6.25,106490
2023-12-26,GILT.US,6.22,6.33,6.22,6.31,87718
2023-12-27,GILT.US,6.3,6.3,6.12,6.18,103666
2023-12-28,GILT.US,6.11,6.19,6.1,6.17,106634
2023-12-29,GILT.US,6.15,6.2268,6.11,6.11,65906
2024-01-02,GILT.US,6.14,6.24,6.12,6.19,115953
2024-01-03,GILT.US,6.07,6.08,5.91,5.93,164447
2024-01-04,GILT.US,5.99,6.08,5.91,6.03,99879
2024-01-05,GILT.US,6.0,6.03,5.93,5.98,47069
2024-01-08,GILT.US,5.93,6.07,5.92,6.03,81648
2024-01-09,GILT.US,5.95,6.11,5.95,6.03,73863
2024-01-10,GILT.US,5.99,6.03,5.96,5.98,44717
2024-01-11,GILT.US,5.96,5.96,5.73,5.76,150427
2024-01-12,GILT.US,5.79,5.89,5.73,5.82,42087
2024-01-16,GILT.US,5.81,5.8399,5.71,5.77,63244
2024-01-17,GILT.US,5.81,5.93,5.81,5.88,71884
2024-01-18,GILT.US,5.91,5.96,5.78,5.86,151657
2024-01-19,GILT.US,5.89,5.9499,5.7901,5.93,264684
2024-01-22,GILT.US,5.93,6.15,5.9,6.13,225889
2024-01-23,GILT.US,6.17,6.23,6.0401,6.17,89999
2024-01-24,GILT.US,6.22,6.3,6.18,6.26,127703
2024-01-25,GILT.US,6.3,6.42,6.2525,6.38,90899
2024-01-26,GILT.US,6.38,6.44,6.3703,6.41,53130
2024-01-29,GILT.US,6.43,6.66,6.4236,6.64,149157
2024-01-30,GILT.US,6.61,6.61,6.33,6.34,140700
2024-01-31,GILT.US,6.33,6.49,6.31,6.33,122178
2024-02-01,GILT.US,6.41,6.49,6.18,6.25,250895
2024-02-02,GILT.US,6.25,6.45,6.25,6.34,123774
2024-02-05,GILT.US,6.25,6.32,6.17,6.25,118640
2024-02-06,GILT.US,6.29,6.5,6.25,6.5,146672
2024-02-07,GILT.US,6.45,6.46,6.35,6.43,190533
2024-02-08,GILT.US,6.5,6.57,6.47,6.51,160837
2024-02-09,GILT.US,6.5,6.55,6.4401,6.5,250983
2024-02-12,GILT.US,6.48,6.55,6.47,6.51,155345
2024-02-13,GILT.US,6.38,6.51,6.38,6.5,142886
2024-02-14,GILT.US,6.56,6.6,6.49,6.5,312253
2024-02-15,GILT.US,6.52,6.56,6.42,6.44,75921
2024-02-16,GILT.US,6.4,6.4201,6.25,6.315,137995
2024-02-20,GILT.US,6.28,6.34,6.21,6.22,100089
2024-02-21,GILT.US,6.22,6.33,6.2,6.3,120024
2024-02-22,GILT.US,6.34,6.41,6.3,6.32,93649
2024-02-23,GILT.US,6.29,6.34,6.2376,6.33,91829
2024-02-26,GILT.US,6.16,6.181,5.77,6.0,658670
2024-02-27,GILT.US,6.0,6.0,5.85,5.91,189104
2024-02-28,GILT.US,5.86,5.93,5.82,5.82,150607
2024-02-29,GILT.US,5.9,6.02,5.83,5.83,207632
2024-03-01,GILT.US,5.82,5.895,5.8175,5.87,117856
2024-03-04,GILT.US,5.9,5.94,5.73,5.8,275165
2024-03-05,GILT.US,5.77,5.77,5.57,5.6,151501
2024-03-06,GILT.US,5.75,5.8,5.63,5.77,419919
2024-03-07,GILT.US,5.75,5.8,5.6,5.62,91077
2024-03-08,GILT.US,5.61,5.68,5.59,5.64,106795
2024-03-11,GILT.US,5.62,5.642,5.55,5.57,93688
2024-03-12,GILT.US,5.55,5.6165,5.545,5.55,82643
2024-03-13,GILT.US,5.57,5.6099,5.45,5.48,153216
2024-03-14,GILT.US,5.47,5.69,5.3937,5.55,168432
2024-03-15,GILT.US,5.52,5.58,5.475,5.57,78159
2024-03-18,GILT.US,5.6,5.63,5.51,5.56,106588
2024-03-19,GILT.US,5.55,5.55,5.48,5.51,61650
2024-03-20,GILT.US,5.51,5.69,5.51,5.68,91144
2024-03-21,GILT.US,5.69,5.72,5.55,5.57,92216
2024-03-22,GILT.US,5.53,5.55,5.41,5.485,85221
2024-03-25,GILT.US,5.42,5.495,5.4,5.43,72016
2024-03-26,GILT.US,5.42,5.45,5.26,5.28,115473
2024-03-27,GILT.US,5.29,5.32,5.2531,5.285,113435
2024-03-28,GILT.US,5.27,5.45,5.27,5.43,95948
2024-04-01,GILT.US,5.53,5.62,5.43,5.47,213083
2024-04-02,GILT.US,5.6,5.84,5.57,5.72,201061
2024-04-03,GILT.US,5.86,6.1,5.77,6.01,709159
2024-04-04,GILT.US,6.01,6.38,6.01,6.15,272611
2024-04-05,GILT.US,6.15,6.16,6.0,6.09,87229
2024-04-08,GILT.US,6.07,6.09,5.9,5.94,79104
2024-04-09,GILT.US,5.94,6.2,5.92,5.95,295645
2024-04-10,GILT.US,5.87,5.91,5.71,5.76,426324
2024-04-11,GILT.US,5.7,5.77,5.67,5.73,195237
2024-04-12,GILT.US,5.66,5.6874,5.57,5.6,255630
2024-04-15,GILT.US,5.55,5.5756,5.43,5.46,165879
2024-04-16,GILT.US,5.4,5.43,5.32,5.36,318534
2024-04-17,GILT.US,5.32,5.34,5.22,5.24,203543
2024-04-18,GILT.US,5.28,5.375,5.26,5.36,163382
2024-04-19,GILT.US,5.33,5.36,5.29,5.32,134891
2024-04-22,GILT.US,5.32,5.38,5.31,5.31,52450
2024-04-23,GILT.US,5.31,5.3702,5.31,5.36,72087
2024-04-24,GILT.US,5.29,5.3,5.15,5.17,305672
2024-04-25,GILT.US,5.04,5.11,4.965,5.08,176721
2024-04-26,GILT.US,5.08,5.15,5.08,5.14,118728
2024-04-29,GILT.US,5.1,5.17,5.02,5.05,285637
2024-04-30,GILT.US,5.03,5.065,4.95,4.95,162371
2024-05-01,GILT.US,5.0,5.13,4.97,5.02,162444
2024-05-02,GILT.US,5.21,5.41,5.12,5.37,249064
2024-05-03,GILT.US,5.5,5.51,5.38,5.47,180317
2024-05-06,GILT.US,5.5,5.6,5.45,5.52,157129
2024-05-07,GILT.US,5.58,5.64,5.43,5.59,176601
2024-05-08,GILT.US,5.57,5.61,5.445,5.58,180664
2024-05-09,GILT.US,5.54,5.6,5.48,5.57,113310
2024-05-10,GILT.US,5.54,5.6,5.52,5.58,166597
2024-05-13,GILT.US,5.56,5.62,5.5,5.55,94038
2024-05-14,GILT.US,5.53,5.6,5.515,5.56,68487
2024-05-15,GILT.US,5.54,5.585,5.45,5.54,116838
2024-05-16,GILT.US,5.48,5.5189,5.42,5.48,147323
2024-05-17,GILT.US,5.48,5.52,5.35,5.37,118110
2024-05-20,GILT.US,5.33,5.39,5.33,5.36,73989
2024-05-21,GILT.US,5.32,5.34,5.27,5.31,67505
2024-05-22,GILT.US,5.27,5.31,5.229,5.29,149305
2024-05-23,GILT.US,5.28,5.3,5.2,5.24,70581
2024-05-24,GILT.US,5.26,5.31,5.205,5.29,58229
2024-05-28,GILT.US,5.38,5.4808,5.38,5.445,138024
2024-05-29,GILT.US,5.41,5.475,5.39,5.415,69920
2024-05-30,GILT.US,5.47,5.55,5.465,5.505,64234
2024-05-31,GILT.US,5.53,5.6,5.42,5.52,58481
2024-06-03,GILT.US,5.53,5.6,5.48,5.6,89569
2024-06-04,GILT.US,5.55,5.555,5.45,5.5,56115
2024-06-05,GILT.US,5.44,5.44,5.24,5.3,120801
2024-06-06,GILT.US,5.33,5.371,5.29,5.3,55808
2024-06-07,GILT.US,5.26,5.31,5.23,5.31,72757
2024-06-10,GILT.US,5.28,5.32,5.22,5.25,73357
2024-06-11,GILT.US,5.22,5.2899,5.22,5.27,51238
2024-06-12,GILT.US,5.29,5.35,5.28,5.32,68075
2024-06-13,GILT.US,5.32,5.39,5.2328,5.24,43878
2024-06-14,GILT.US,5.21,5.25,5.2,5.24,68219
2024-06-17,GILT.US,5.04,5.7299,4.75,4.79,3216372
2024-06-18,GILT.US,4.58,4.8,4.4103,4.54,2072087
2024-06-20,GILT.US,4.52,4.6,4.4753,4.56,367892
2024-06-21,GILT.US,4.53,4.79,4.51,4.6,1268220
2024-06-24,GILT.US,4.62,4.69,4.59,4.68,208835
2024-06-25,GILT.US,4.64,4.64,4.49,4.51,191571
2024-06-26,GILT.US,4.41,4.45,4.31,4.35,343386
2024-06-27,GILT.US,4.48,4.48,4.41,4.44,168216
2024-06-28,GILT.US,4.41,4.51,4.38,4.47,227999
2024-07-01,GILT.US,4.44,4.48,4.37,4.4,269875
2024-07-02,GILT.US,4.43,4.56,4.43,4.46,353708
2024-07-03,GILT.US,4.48,4.515,4.4514,4.46,127990
2024-07-05,GILT.US,4.46,4.54,4.4315,4.48,324663
2024-07-08,GILT.US,4.5,4.6,4.47,4.47,183140
2024-07-09,GILT.US,4.56,4.61,4.455,4.46,268628
2024-07-10,GILT.US,4.47,4.53,4.445,4.47,237226
2024-07-11,GILT.US,4.52,4.61,4.52,4.52,287877
2024-07-12,GILT.US,4.53,4.6685,4.5202,4.63,209863
2024-07-15,GILT.US,4.67,4.69,4.61,4.65,169509
2024-07-16,GILT.US,4.66,4.74,4.635,4.74,296026
2024-07-17,GILT.US,4.69,4.74,4.66,4.7,166812
2024-07-18,GILT.US,4.65,4.7491,4.555,4.63,245588
2024-07-19,GILT.US,4.63,4.63,4.53,4.54,122678
2024-07-22,GILT.US,4.54,4.58,4.535,4.54,102335
2024-07-23,GILT.US,4.54,4.705,4.54,4.7,305589
2024-07-24,GILT.US,4.74,4.76,4.61,4.64,244731
2024-07-25,GILT.US,4.64,4.74,4.62,4.69,209964
2024-07-26,GILT.US,4.73,4.74,4.6515,4.7,136448
2024-07-29,GILT.US,4.59,4.64,4.52,4.57,184533
2024-07-30,GILT.US,4.56,4.57,4.451,4.52,289677
2024-07-31,GILT.US,4.5,4.62,4.4854,4.55,230368
2024-08-01,GILT.US,4.51,4.59,4.35,4.35,228296
2024-08-02,GILT.US,4.3,4.37,4.2,4.27,380256
2024-08-05,GILT.US,4.16,4.16,4.04,4.07,363480
2024-08-06,GILT.US,4.07,4.18,4.07,4.16,289688
2024-08-07,GILT.US,4.44,4.53,4.385,4.5,533412
2024-08-08,GILT.US,4.61,4.7,4.56,4.69,160117
2024-08-09,GILT.US,4.75,4.755,4.64,4.7,171436
2024-08-12,GILT.US,4.64,4.645,4.5,4.51,197798
2024-08-13,GILT.US,4.52,4.67,4.52,4.64,150790
2024-08-14,GILT.US,4.66,4.69,4.62,4.65,95599
2024-08-15,GILT.US,4.66,4.7,4.62,4.64,136449
2024-08-16,GILT.US,4.62,4.73,4.62,4.67,107332
2024-08-19,GILT.US,4.64,4.66,4.59,4.64,83282
2024-08-20,GILT.US,4.64,4.645,4.59,4.6,57852
2024-08-21,GILT.US,4.6,4.695,4.55,4.65,183989
2024-08-22,GILT.US,4.63,4.65,4.4716,4.49,127504
2024-08-23,GILT.US,4.54,4.62,4.52,4.58,60756
2024-08-26,GILT.US,4.58,4.6074,4.53,4.55,70627
2024-08-27,GILT.US,4.54,4.55,4.475,4.5,93398
2024-08-28,GILT.US,4.52,4.62,4.49,4.53,107250
2024-08-29,GILT.US,4.54,4.63,4.53,4.57,79266
2024-08-30,GILT.US,4.56,4.63,4.55,4.6,87972
2024-09-03,GILT.US,4.54,4.56,4.435,4.44,107584
2024-09-04,GILT.US,4.45,4.47,4.4117,4.42,62825
2024-09-05,GILT.US,4.47,4.55,4.47,4.5,92786
2024-09-06,GILT.US,4.5,4.5386,4.4,4.47,108828
2024-09-09,GILT.US,4.4,4.44,4.36,4.405,111912
2024-09-10,GILT.US,4.41,4.41,4.36,4.37,75553
2024-09-11,GILT.US,4.37,4.4,4.3,4.39,101799
2024-09-12,GILT.US,4.45,4.51,4.41,4.5,155949
2024-09-13,GILT.US,4.57,4.59,4.45,4.535,361742
2024-09-16,GILT.US,4.54,4.82,4.54,4.77,586726
2024-09-17,GILT.US,4.75,4.775,4.71,4.75,152023
2024-09-18,GILT.US,4.72,4.8187,4.71,4.73,95375
2024-09-19,GILT.US,4.73,4.79,4.69,4.76,111891
2024-09-20,GILT.US,4.76,4.82,4.72,4.75,132608
2024-09-23,GILT.US,4.75,4.85,4.75,4.85,128904
2024-09-24,GILT.US,4.9,4.96,4.8865,4.96,133614
2024-09-25,GILT.US,4.94,4.97,4.865,4.87,96237
2024-09-26,GILT.US,5.0,5.24,5.0,5.22,481188
2024-09-27,GILT.US,5.25,5.28,5.11,5.125,205650
2024-09-30,GILT.US,5.16,5.35,5.16,5.27,247635
2024-10-01,GILT.US,5.28,5.28,5.07,5.13,193756
2024-10-02,GILT.US,5.12,5.17,5.08,5.16,80774
2024-10-03,GILT.US,5.11,5.1204,4.99,5.06,109511
2024-10-04,GILT.US,5.07,5.1,5.0202,5.08,78330
2024-10-07,GILT.US,5.08,5.14,5.0,5.05,86570
2024-10-08,GILT.US,5.04,5.09,4.995,5.02,86149
2024-10-09,GILT.US,5.02,5.0291,5.0,5.01,70801
2024-10-10,GILT.US,4.99,5.005,4.95,4.96,58393
2024-10-11,GILT.US,4.95,4.97,4.9123,4.93,95030
2024-10-14,GILT.US,4.95,4.9888,4.91,4.92,61631
2024-10-15,GILT.US,4.99,5.0598,4.92,4.92,128646
2024-10-16,GILT.US,4.98,5.0247,4.95,5.02,79704
2024-10-17,GILT.US,5.0,5.04,4.97,5.02,104534
2024-10-18,GILT.US,5.01,5.09,5.01,5.05,72278
2024-10-21,GILT.US,5.01,5.01,4.93,4.95,107576
2024-10-22,GILT.US,4.98,5.03,4.96,4.99,112888
2024-10-23,GILT.US,4.97,4.97,4.825,4.87,107103
2024-10-24,GILT.US,4.89,4.94,4.83,4.92,85865
2024-10-25,GILT.US,4.9,4.96,4.9,4.92,138231
2024-10-28,GILT.US,4.97,5.11,4.97,5.06,189468
2024-10-29,GILT.US,5.08,5.14,5.07,5.08,138122
2024-10-30,GILT.US,5.2,5.33,5.19,5.24,136494
2024-10-31,GILT.US,5.22,5.25,5.12,5.235,158884
2024-11-01,GILT.US,5.25,5.28,5.06,5.26,119158
2024-11-04,GILT.US,5.3,5.3485,5.21,5.26,119831
2024-11-05,GILT.US,5.28,5.37,5.28,5.31,120120
2024-11-06,GILT.US,5.43,5.5,5.37,5.48,200661
2024-11-07,GILT.US,5.48,5.58,5.48,5.54,171787
2024-11-08,GILT.US,5.52,5.54,5.4,5.53,122621
2024-11-11,GILT.US,5.62,5.64,5.5537,5.61,192328
2024-11-12,GILT.US,5.62,5.67,5.54,5.65,192956
2024-11-13,GILT.US,5.5,5.5,4.93,4.98,1014789
2024-11-14,GILT.US,4.97,5.05,4.86,4.875,190508
2024-11-15,GILT.US,4.9,5.065,4.855,5.03,182862
2024-11-18,GILT.US,5.18,5.58,5.18,5.58,391178
2024-11-19,GILT.US,5.5,5.53,5.385,5.44,229738
2024-11-20,GILT.US,5.4,5.4,5.215,5.27,122832
2024-11-21,GILT.US,5.27,5.2999,5.2,5.205,90683
2024-11-22,GILT.US,5.2,5.27,5.2,5.24,145891
2024-11-25,GILT.US,5.3,5.59,5.26,5.55,351822
2024-11-26,GILT.US,5.52,5.5495,5.39,5.42,194328
2024-11-27,GILT.US,5.41,5.43,5.3,5.41,110362
2024-11-29,GILT.US,5.41,5.525,5.41,5.48,71316
2024-12-02,GILT.US,5.45,5.81,5.4,5.78,426243
2024-12-03,GILT.US,5.88,6.4,5.88,6.09,1826574
2024-12-04,GILT.US,6.285,6.35,6.09,6.125,1809056
2024-12-05,GILT.US,6.11,6.3395,6.06,6.12,638809
2024-12-06,GILT.US,6.12,6.1602,6.01,6.09,380925
2024-12-09,GILT.US,6.13,6.28,6.12,6.17,324141
2024-12-10,GILT.US,6.14,6.17,6.01,6.14,259148
2024-12-11,GILT.US,6.1,6.16,6.04,6.13,269134
2024-12-12,GILT.US,6.12,6.14,6.02,6.02,187043
2024-12-13,GILT.US,6.0,6.02,5.9,5.95,356331
2024-12-16,GILT.US,5.93,6.16,5.88,6.11,386383
2024-12-17,GILT.US,6.1,6.1231,5.92,5.98,321809
2024-12-18,GILT.US,6.04,6.14,5.87,5.9,306730
2024-12-19,GILT.US,5.9,5.93,5.68,5.85,466479
2024-12-20,GILT.US,5.78,5.92,5.715,5.86,306186
2024-12-23,GILT.US,5.86,5.89,5.73,5.8,185813
2024-12-24,GILT.US,5.77,5.89,5.6922,5.89,112391
2024-12-26,GILT.US,5.78,5.92,5.76,5.86,203274
2024-12-27,GILT.US,5.88,5.98,5.7917,5.96,280654
2024-12-30,GILT.US,5.99,6.06,5.901,6.04,396690
2024-12-31,GILT.US,6.15,6.33,6.09,6.15,487356
2025-01-02,GILT.US,6.21,6.23,6.005,6.15,261203
2025-01-03,GILT.US,6.18,6.18,6.02,6.1,190079
2025-01-06,GILT.US,6.3,6.7879,6.3,6.7,952900
2025-01-07,GILT.US,6.81,6.8245,6.33,6.48,633549
2025-01-08,GILT.US,6.49,6.51,6.2,6.32,311685
2025-01-10,GILT.US,6.25,6.3252,6.139,6.28,191824
2025-01-13,GILT.US,6.41,6.52,6.315,6.425,592430
2025-01-14,GILT.US,6.49,6.695,6.45,6.58,411116
2025-01-15,GILT.US,6.61,6.63,6.4899,6.6,357417
2025-01-16,GILT.US,6.59,6.77,6.56,6.58,374242
2025-01-17,GILT.US,6.62,6.72,6.5,6.67,282740
2025-01-21,GILT.US,6.75,7.18,6.64,7.01,789974
2025-01-22,GILT.US,7.1,7.33,7.01,7.11,622287
2025-01-23,GILT.US,7.07,7.22,7.05,7.11,330898
2025-01-24,GILT.US,7.15,7.51,7.12,7.29,531408
2025-01-27,GILT.US,7.06,7.08,6.72,6.77,486046
2025-01-28,GILT.US,6.89,7.01,6.87,6.88,358596
2025-01-29,GILT.US,7.03,7.1,6.83,6.93,483613
2025-01-30,GILT.US,7.05,7.18,7.01,7.05,358458
2025-01-31,GILT.US,7.1,7.38,7.07,7.15,322472
2025-02-03,GILT.US,7.02,7.1499,6.89,7.08,312872
2025-02-04,GILT.US,7.15,7.34,7.115,7.3,368422
2025-02-05,GILT.US,7.32,7.66,7.315,7.65,454692
2025-02-06,GILT.US,7.64,7.76,7.52,7.53,377740
2025-02-07,GILT.US,7.54,7.71,7.351,7.41,238858
2025-02-10,GILT.US,7.48,7.53,7.28,7.42,331440
2025-02-11,GILT.US,7.39,7.51,7.28,7.39,491176
2025-02-12,GILT.US,7.25,7.26,6.79,7.1,1163818
2025-02-13,GILT.US,7.04,7.28,6.75,6.845,461831
2025-02-14,GILT.US,6.84,6.98,6.73,6.78,553013
2025-02-18,GILT.US,7.05,7.77,7.04,7.35,1108341
2025-02-19,GILT.US,7.47,7.78,7.42,7.78,1039842
2025-02-20,GILT.US,7.8,8.045,7.5953,7.69,821418
2025-02-21,GILT.US,7.7,7.96,7.48,7.56,568974
2025-02-24,GILT.US,7.66,7.81,7.37,7.435,670188
2025-02-25,GILT.US,7.44,7.44,7.1,7.35,353879
2025-02-26,GILT.US,7.45,7.52,7.29,7.325,248291
2025-02-27,GILT.US,7.41,7.42,7.115,7.13,269823
2025-02-28,GILT.US,7.1,7.11,6.89,7.11,407385
2025-03-03,GILT.US,7.21,7.42,6.76,6.77,507052
2025-03-04,GILT.US,6.652,6.81,6.47,6.67,438081
2025-03-05,GILT.US,6.72,7.83,6.72,7.58,1034155
2025-03-06,GILT.US,7.42,7.45,7.01,7.12,486569
2025-03-07,GILT.US,7.11,7.15,6.7,7.04,470030
2025-03-10,GILT.US,6.9,6.93,6.56,6.72,558787
2025-03-11,GILT.US,6.78,7.07,6.67,6.94,469542
2025-03-12,GILT.US,7.07,7.13,6.88,7.07,226138
2025-03-13,GILT.US,7.07,7.07,6.8446,6.935,216497
2025-03-14,GILT.US,7.0,7.115,6.9673,7.04,278831
2025-03-17,GILT.US,6.99,7.185,6.99,7.17,276621
2025-03-18,GILT.US,7.12,7.12,6.8,6.87,255240
2025-03-19,GILT.US,6.93,6.94,6.725,6.82,252173
2025-03-20,GILT.US,6.75,6.9,6.7,6.7,182735
2025-03-21,GILT.US,6.61,6.655,6.5367,6.6,186194
2025-03-24,GILT.US,6.56,6.82,6.55,6.74,224797
2025-03-25,GILT.US,6.85,6.85,6.66,6.71,219064
2025-03-26,GILT.US,6.76,6.76,6.5801,6.63,177555
2025-03-27,GILT.US,6.66,6.72,6.61,6.62,136029
2025-03-28,GILT.US,6.61,6.695,6.4215,6.48,293427
2025-03-31,GILT.US,6.36,6.41,6.18,6.35,442504
2025-04-01,GILT.US,6.35,6.395,6.22,6.28,172085
2025-04-02,GILT.US,6.25,6.3658,6.225,6.28,175572
2025-04-03,GILT.US,5.99,6.02,5.79,5.9,394363
2025-04-04,GILT.US,5.51,5.62,5.3,5.52,502758
2025-04-07,GILT.US,5.5,5.94,5.37,5.72,479598
2025-04-08,GILT.US,5.79,5.95,5.44,5.47,339430
2025-04-09,GILT.US,5.52,6.14,5.47,6.05,431413
2025-04-10,GILT.US,5.93,5.9899,5.75,5.88,202037
2025-04-11,GILT.US,5.89,5.97,5.8,5.97,116245
