date,ticker,open,high,low,close,volume
2022-12-09,RWAYZ,24.86,24.8999,24.65,24.84,13814
2022-12-12,RWAYZ,24.83,24.92,24.8,24.9,22348
2022-12-13,RWAYZ,24.93,25.08,24.9,25.0,11686
2022-12-14,RWAYZ,25.0,25.02,24.95,24.98,14637
2022-12-15,RWAYZ,25.0438,25.18,24.95,25.03,81788
2022-12-16,RWAYZ,25.01,25.0899,24.975,25.04,19028
2022-12-19,RWAYZ,25.0499,25.1,24.98,25.0799,22885
2022-12-20,RWAYZ,25.06,25.1,25.0,25.1,17529
2022-12-21,RWAYZ,25.044,25.1,24.994,24.994,10993
2022-12-22,RWAYZ,24.95,25.05,24.95,25.0,9928
2022-12-23,RWAYZ,25.09,25.09,25.0,25.04,5783
2022-12-27,RWAYZ,25.08,25.08,24.95,25.0,4554
2022-12-28,RWAYZ,25.0,25.0681,24.971,24.971,5163
2022-12-29,RWAYZ,24.97,25.05,24.97,25.03,3133
2022-12-30,RWAYZ,25.05,25.05,25.0,25.03,2022
2023-01-03,RWAYZ,24.85,25.05,24.85,25.05,4110
2023-01-04,RWAYZ,25.03,25.07,25.0,25.05,20684
2023-01-05,RWAYZ,25.02,25.02,24.96,25.01,18843
2023-01-06,RWAYZ,25.035,25.15,25.03,25.15,17750
2023-01-09,RWAYZ,25.1499,25.1499,25.0,25.06,33301
2023-01-10,RWAYZ,25.05,25.09,25.0399,25.06,11013
2023-01-11,RWAYZ,25.0211,25.09,25.0211,25.0601,2208
2023-01-12,RWAYZ,25.1,25.35,25.061,25.29,58689
2023-01-13,RWAYZ,25.28,25.35,25.13,25.15,29596
2023-01-17,RWAYZ,25.16,25.2399,25.1,25.11,18348
2023-01-18,RWAYZ,25.16,25.28,25.12,25.12,24554
2023-01-19,RWAYZ,25.13,25.2128,25.1,25.2112,3501
2023-01-20,RWAYZ,25.2,25.2599,25.2,25.23,5603
2023-01-23,RWAYZ,25.22,25.33,25.188,25.2,32749
2023-01-24,RWAYZ,25.3,25.3,25.13,25.14,34887
2023-01-25,RWAYZ,25.14,25.2383,25.0,25.08,29418
2023-01-26,RWAYZ,25.08,25.11,25.01,25.1,14532
2023-01-27,RWAYZ,25.1434,25.1799,25.14,25.14,4528
2023-01-30,RWAYZ,25.11,25.17,25.11,25.12,4833
2023-01-31,RWAYZ,25.16,25.19,25.15,25.153,13660
2023-02-01,RWAYZ,25.19,25.2,25.13,25.17,19367
2023-02-02,RWAYZ,25.22,25.2597,25.15,25.25,11620
2023-02-03,RWAYZ,25.18,25.24,25.18,25.19,14796
2023-02-06,RWAYZ,25.35,25.4599,25.308,25.45,40406
2023-02-07,RWAYZ,25.43,25.445,25.38,25.38,10472
2023-02-08,RWAYZ,25.47,25.47,25.27,25.3,40825
2023-02-09,RWAYZ,25.37,25.37,25.19,25.25,65341
2023-02-10,RWAYZ,25.27,25.3108,25.27,25.285,2083
2023-02-13,RWAYZ,25.34,25.376,25.2499,25.37,34300
2023-02-14,RWAYZ,25.06,25.17,25.0185,25.17,15499
2023-02-15,RWAYZ,25.18,25.19,25.15,25.15,2437
2023-02-16,RWAYZ,25.15,25.15,25.0999,25.14,3621
2023-02-17,RWAYZ,25.11,25.1589,25.092,25.14,3573
2023-02-21,RWAYZ,25.1,25.13,25.05,25.08,5661
2023-02-22,RWAYZ,25.1,25.1,24.91,24.96,12545
2023-02-23,RWAYZ,25.0,25.1,25.0,25.1,6850
2023-02-24,RWAYZ,25.1,25.1,25.055,25.055,3621
2023-02-27,RWAYZ,25.1,25.1799,25.03,25.1,18819
2023-02-28,RWAYZ,25.1,25.1799,25.01,25.01,27583
2023-03-01,RWAYZ,25.03,25.09,24.9456,24.98,10780
2023-03-02,RWAYZ,25.0,25.08,24.98,25.042,5015
2023-03-03,RWAYZ,25.08,25.115,25.0,25.11,11783
2023-03-06,RWAYZ,25.16,25.23,24.96,24.98,23713
2023-03-07,RWAYZ,24.98,25.06,24.96,24.96,23092
2023-03-08,RWAYZ,25.0,25.05,24.8304,25.05,14093
2023-03-09,RWAYZ,25.0,25.04,25.0,25.0,15732
2023-03-10,RWAYZ,25.03,25.03,24.5,24.75,14360
2023-03-13,RWAYZ,25.02,25.02,23.6503,23.91,46392
2023-03-14,RWAYZ,24.61,24.63,23.9502,24.045,18861
2023-03-15,RWAYZ,24.0,24.2,23.8501,23.93,4952
2023-03-16,RWAYZ,23.99,24.5615,23.81,24.2,8696
2023-03-17,RWAYZ,24.23,24.35,23.7501,23.86,13257
2023-03-20,RWAYZ,24.15,24.1885,23.85,23.88,2261
2023-03-21,RWAYZ,23.98,24.2499,23.98,24.0,12523
2023-03-22,RWAYZ,24.135,24.48,24.135,24.48,3697
2023-03-23,RWAYZ,24.335,24.43,24.06,24.41,11273
2023-03-24,RWAYZ,24.0,24.42,23.85,24.1,29912
2023-03-27,RWAYZ,24.17,24.38,24.15,24.265,4060
2023-03-28,RWAYZ,24.265,24.38,24.1,24.35,6676
2023-03-29,RWAYZ,24.34,24.47,24.02,24.42,6782
2023-03-30,RWAYZ,24.4,24.4,24.32,24.39,1792
2023-03-31,RWAYZ,24.39,24.48,24.12,24.48,9037
2023-04-03,RWAYZ,24.25,24.38,24.15,24.15,15971
2023-04-04,RWAYZ,24.25,24.45,24.15,24.25,8198
2023-04-05,RWAYZ,24.25,24.48,24.1907,24.1907,2481
2023-04-06,RWAYZ,24.44,24.44,24.21,24.21,1245
2023-04-10,RWAYZ,24.2585,24.4,24.0,24.31,27453
2023-04-11,RWAYZ,24.2,24.3,24.06,24.1209,14376
2023-04-12,RWAYZ,24.13,24.2,24.05,24.18,12252
2023-04-13,RWAYZ,24.2,24.3,24.11,24.19,6581
2023-04-14,RWAYZ,24.17,24.27,23.9,24.06,9123
2023-04-17,RWAYZ,24.01,24.23,24.0,24.18,6961
2023-04-18,RWAYZ,24.18,24.2708,24.105,24.25,3819
2023-04-19,RWAYZ,24.131,24.3206,24.02,24.22,5846
2023-04-20,RWAYZ,24.335,24.49,24.2716,24.44,7301
2023-04-21,RWAYZ,24.35,24.58,24.25,24.38,10603
2023-04-24,RWAYZ,24.33,24.55,24.31,24.48,3417
2023-04-25,RWAYZ,24.57,24.64,24.31,24.465,18774
2023-04-26,RWAYZ,24.4,24.58,24.0,24.1,38766
2023-04-27,RWAYZ,24.04,24.275,23.98,24.27,6590
2023-04-28,RWAYZ,24.15,24.405,24.15,24.37,11656
2023-05-01,RWAYZ,24.44,24.5099,24.2892,24.3006,3142
2023-05-02,RWAYZ,24.405,24.51,24.3,24.3568,6511
2023-05-03,RWAYZ,24.29,24.59,24.29,24.59,6287
2023-05-04,RWAYZ,24.41,24.52,24.09,24.4529,5053
2023-05-05,RWAYZ,24.33,24.5999,24.33,24.55,4642
2023-05-08,RWAYZ,24.57,24.57,24.21,24.53,5721
2023-05-09,RWAYZ,24.355,24.56,24.25,24.44,13854
2023-05-10,RWAYZ,24.57,24.58,24.3173,24.54,2856
2023-05-11,RWAYZ,24.5,24.5,24.4499,24.4499,3818
2023-05-12,RWAYZ,24.2,24.2,23.75,23.995,17946
2023-05-15,RWAYZ,24.0,24.33,23.9,24.02,7585
2023-05-16,RWAYZ,24.0,24.1099,23.8201,24.1099,4194
2023-05-17,RWAYZ,24.05,24.05,23.93,24.0,6363
2023-05-18,RWAYZ,24.0,24.0,23.9,24.0,2726
2023-05-19,RWAYZ,24.0,24.0,23.8,24.0,6483
2023-05-22,RWAYZ,23.93,24.0,23.82,23.98,6985
2023-05-23,RWAYZ,23.83,23.98,23.82,23.98,3328
2023-05-24,RWAYZ,23.8621,23.98,23.78,23.9522,3955
2023-05-25,RWAYZ,23.74,23.848,23.74,23.848,1868
2023-05-26,RWAYZ,23.85,23.9999,23.8,23.8879,2872
2023-05-30,RWAYZ,24.0,24.11,23.95,24.075,10460
2023-05-31,RWAYZ,24.04,24.1566,24.04,24.1566,12190
2023-06-01,RWAYZ,24.14,24.24,24.14,24.15,4384
2023-06-02,RWAYZ,24.14,24.2399,24.11,24.14,8708
2023-06-05,RWAYZ,24.14,24.14,24.03,24.1,3300
2023-06-06,RWAYZ,24.0932,24.1,24.07,24.09,18935
2023-06-07,RWAYZ,24.105,24.1831,24.105,24.15,5081
2023-06-08,RWAYZ,24.16,24.31,24.16,24.25,9817
2023-06-09,RWAYZ,24.1501,24.25,24.15,24.25,2241
2023-06-12,RWAYZ,24.25,24.4002,24.07,24.25,8466
2023-06-13,RWAYZ,24.3899,24.3899,24.15,24.25,8154
2023-06-14,RWAYZ,24.25,24.3599,24.11,24.3599,9454
2023-06-15,RWAYZ,24.1301,24.36,24.13,24.2,13696
2023-06-16,RWAYZ,24.1788,24.325,24.15,24.2,6124
2023-06-20,RWAYZ,24.39,24.39,24.23,24.3,15169
2023-06-21,RWAYZ,24.3,24.3891,24.25,24.35,5926
2023-06-22,RWAYZ,24.43,24.54,24.3999,24.4,9851
2023-06-23,RWAYZ,24.41,24.425,24.22,24.23,5751
2023-06-26,RWAYZ,24.32,24.49,24.28,24.49,5244
2023-06-27,RWAYZ,24.48,24.5,24.26,24.325,23419
2023-06-28,RWAYZ,24.37,24.4,24.36,24.36,3630
2023-06-29,RWAYZ,24.4,24.45,24.235,24.4,3777
2023-06-30,RWAYZ,24.4,24.4175,24.28,24.39,6572
2023-07-03,RWAYZ,24.53,24.53,24.39,24.4,2354
2023-07-05,RWAYZ,24.53,24.55,24.4,24.45,7627
2023-07-06,RWAYZ,24.43,24.548,24.4,24.54,6324
2023-07-07,RWAYZ,24.565,24.58,24.5001,24.51,4960
2023-07-10,RWAYZ,24.58,24.58,24.5,24.5,3613
2023-07-11,RWAYZ,24.5,24.5,24.41,24.41,6014
2023-07-12,RWAYZ,24.6,24.6,24.44,24.582,7090
2023-07-13,RWAYZ,24.5,24.5,24.43,24.5,14087
2023-07-14,RWAYZ,24.56,24.56,24.46,24.5,4430
2023-07-17,RWAYZ,24.5999,24.5999,24.41,24.4699,14805
2023-07-18,RWAYZ,24.5,24.5,24.484,24.49,6964
2023-07-19,RWAYZ,24.5,24.5,24.4689,24.4872,4635
2023-07-20,RWAYZ,24.5,24.5,24.47,24.475,2353
2023-07-21,RWAYZ,24.5001,24.625,24.5001,24.55,3151
2023-07-24,RWAYZ,24.72,24.73,24.64,24.6699,11933
2023-07-25,RWAYZ,24.67,24.72,24.5395,24.575,8767
2023-07-26,RWAYZ,24.72,24.75,24.65,24.65,7824
2023-07-27,RWAYZ,24.7,24.74,24.65,24.68,32356
2023-07-28,RWAYZ,24.65,24.75,24.543,24.75,14363
2023-07-31,RWAYZ,24.717,24.88,24.717,24.88,7486
2023-08-01,RWAYZ,24.89,24.93,24.6236,24.8,7100
2023-08-02,RWAYZ,24.9,24.9,24.76,24.7999,1837
2023-08-03,RWAYZ,24.9,24.9,24.7262,24.7262,10946
2023-08-04,RWAYZ,24.93,24.94,24.75,24.8,2546
2023-08-07,RWAYZ,24.84,24.8499,24.7001,24.74,9189
2023-08-08,RWAYZ,24.75,24.75,24.6999,24.75,7317
2023-08-09,RWAYZ,24.75,24.75,24.7405,24.75,6148
2023-08-10,RWAYZ,24.7937,24.82,24.7937,24.8199,3926
2023-08-11,RWAYZ,24.77,24.93,24.76,24.9,7629
2023-08-14,RWAYZ,24.62,24.64,24.41,24.54,14574
2023-08-15,RWAYZ,24.5989,24.63,24.55,24.62,4642
2023-08-16,RWAYZ,24.55,24.69,24.54,24.69,10733
2023-08-17,RWAYZ,24.6899,24.69,24.68,24.69,1345
2023-08-18,RWAYZ,24.69,24.69,24.6,24.67,3234
2023-08-21,RWAYZ,24.67,24.67,24.5,24.6499,4877
2023-08-22,RWAYZ,24.6,24.67,24.39,24.45,14510
2023-08-23,RWAYZ,24.67,24.67,24.45,24.6,7885
2023-08-24,RWAYZ,24.46,24.6,24.46,24.5999,1631
2023-08-25,RWAYZ,24.61,24.67,24.5,24.55,9363
2023-08-28,RWAYZ,24.66,24.67,24.6,24.66,4694
2023-08-29,RWAYZ,24.72,24.72,24.53,24.62,6633
2023-08-30,RWAYZ,24.6,24.73,24.6,24.675,4838
2023-08-31,RWAYZ,24.6901,24.73,24.52,24.71,6058
2023-09-01,RWAYZ,24.72,24.72,24.52,24.69,5260
2023-09-05,RWAYZ,24.595,24.67,24.52,24.6586,3107
2023-09-06,RWAYZ,24.73,24.73,24.66,24.72,4408
2023-09-07,RWAYZ,24.73,24.73,24.65,24.65,2226
2023-09-08,RWAYZ,24.64,24.7299,24.63,24.7,6111
2023-09-11,RWAYZ,24.6999,24.79,24.6762,24.78,4360
2023-09-12,RWAYZ,24.8,24.8,24.65,24.8,4679
2023-09-13,RWAYZ,24.65,24.8,24.65,24.75,2568
2023-09-14,RWAYZ,24.8,24.8,24.7001,24.8,1335
2023-09-15,RWAYZ,24.775,24.7999,24.775,24.7999,357
2023-09-18,RWAYZ,24.8,24.8,24.775,24.79,2886
2023-09-19,RWAYZ,24.79,24.85,24.775,24.85,9971
2023-09-20,RWAYZ,24.8672,24.9,24.8477,24.9,2469
2023-09-21,RWAYZ,24.76,24.87,24.75,24.8,1941
2023-09-22,RWAYZ,24.8,24.86,24.8,24.86,1402
2023-09-25,RWAYZ,24.83,24.86,24.8,24.86,2589
2023-09-26,RWAYZ,24.76,24.86,24.75,24.86,2682
2023-09-27,RWAYZ,24.81,24.86,24.66,24.7837,3518
2023-09-28,RWAYZ,24.78,24.86,24.7602,24.84,1973
2023-09-29,RWAYZ,24.86,24.86,24.65,24.86,1970
2023-10-02,RWAYZ,24.86,24.86,24.7001,24.81,1557
2023-10-03,RWAYZ,24.8,24.85,24.5,24.85,3270
2023-10-04,RWAYZ,24.61,24.69,24.57,24.68,4148
2023-10-05,RWAYZ,24.56,24.8499,24.56,24.809,7310
2023-10-06,RWAYZ,24.79,24.79,24.79,24.79,302
2023-10-09,RWAYZ,24.725,24.83,24.62,24.76,2574
2023-10-10,RWAYZ,24.76,24.76,24.62,24.7,3703
2023-10-11,RWAYZ,24.5,24.69,24.5,24.65,1101
2023-10-12,RWAYZ,24.7,24.7,24.68,24.68,939
2023-10-13,RWAYZ,24.5981,24.69,24.5,24.68,7574
2023-10-16,RWAYZ,24.68,24.7,24.61,24.65,7092
2023-10-17,RWAYZ,24.65,24.81,24.59,24.73,9073
2023-10-18,RWAYZ,24.65,24.65,24.52,24.52,5969
2023-10-19,RWAYZ,24.65,24.65,24.52,24.52,2945
2023-10-20,RWAYZ,24.615,24.69,24.615,24.69,2017
2023-10-23,RWAYZ,24.65,24.84,24.65,24.8,5696
2023-10-24,RWAYZ,24.6801,24.8,24.6801,24.8,1802
2023-10-25,RWAYZ,24.68,24.69,24.5,24.69,3566
2023-10-26,RWAYZ,24.69,24.7885,24.69,24.7885,1136
2023-10-27,RWAYZ,24.72,24.77,24.6,24.77,3320
2023-10-30,RWAYZ,24.75,24.75,24.6421,24.65,1757
2023-10-31,RWAYZ,24.74,24.8,24.74,24.799,2041
2023-11-01,RWAYZ,24.727,24.8,24.727,24.775,992
2023-11-02,RWAYZ,24.8,24.89,24.8,24.89,3477
2023-11-03,RWAYZ,24.89,24.9199,24.85,24.85,4995
2023-11-06,RWAYZ,24.9,24.92,24.86,24.86,5005
2023-11-07,RWAYZ,24.9399,24.94,24.87,24.9,3245
2023-11-08,RWAYZ,24.85,24.89,24.85,24.87,5877
2023-11-09,RWAYZ,24.89,24.908,24.8501,24.8501,3399
2023-11-10,RWAYZ,24.85,24.8909,24.85,24.88,1578
2023-11-13,RWAYZ,24.93,24.99,24.89,24.99,4709
2023-11-14,RWAYZ,24.63,24.8,24.6075,24.7,8606
2023-11-15,RWAYZ,24.7,24.7,24.6,24.6,2470
2023-11-16,RWAYZ,24.725,24.74,24.67,24.74,1199
2023-11-17,RWAYZ,24.79,24.8,24.601,24.8,2423
2023-11-20,RWAYZ,24.8,24.8,24.8,24.8,459
2023-11-21,RWAYZ,24.79,24.8,24.6,24.74,3250
2023-11-22,RWAYZ,24.68,24.7498,24.6003,24.65,4525
2023-11-24,RWAYZ,24.7,24.71,24.66,24.66,5815
2023-11-27,RWAYZ,24.69,24.75,24.6899,24.72,12887
2023-11-28,RWAYZ,24.73,24.73,24.69,24.7,3796
2023-11-29,RWAYZ,24.73,24.79,24.73,24.75,5304
2023-11-30,RWAYZ,24.7501,24.82,24.7,24.7,6136
2023-12-01,RWAYZ,24.8,24.85,24.7749,24.8317,4638
2023-12-04,RWAYZ,24.8,24.844,24.8,24.844,1629
2023-12-05,RWAYZ,24.8,24.88,24.8,24.88,5158
2023-12-06,RWAYZ,24.94,24.94,24.8802,24.94,6159
2023-12-07,RWAYZ,24.81,24.94,24.81,24.94,3844
2023-12-08,RWAYZ,24.9599,24.96,24.9,24.94,3409
2023-12-11,RWAYZ,24.9,24.9,24.8856,24.8856,2661
2023-12-12,RWAYZ,24.9,24.98,24.85,24.98,3488
2023-12-13,RWAYZ,24.98,25.0,24.88,24.95,6186
2023-12-14,RWAYZ,24.99,25.1,24.9043,25.1,6061
2023-12-15,RWAYZ,25.0888,25.1,25.05,25.1,3386
2023-12-18,RWAYZ,25.06,25.09,25.0,25.05,8617
2023-12-19,RWAYZ,25.0,25.15,25.0,25.0817,2559
2023-12-20,RWAYZ,25.1,25.121,25.1,25.1,3724
2023-12-21,RWAYZ,25.158,25.17,25.02,25.17,6750
2023-12-22,RWAYZ,25.1392,25.17,25.13,25.17,2033
2023-12-26,RWAYZ,25.1,25.15,25.1,25.1234,2040
2023-12-27,RWAYZ,25.1,25.15,25.09,25.1101,3815
2023-12-28,RWAYZ,25.11,25.15,25.1,25.15,3477
2023-12-29,RWAYZ,25.08,25.25,25.0,25.125,4895
2024-01-02,RWAYZ,25.1134,25.1134,25.1134,25.1134,435
2024-01-03,RWAYZ,25.15,25.15,25.01,25.05,2491
2024-01-04,RWAYZ,25.1,25.1,25.1,25.1,1100
2024-01-05,RWAYZ,25.09,25.1,25.075,25.09,1682
2024-01-08,RWAYZ,25.19,25.24,25.19,25.2,6222
2024-01-09,RWAYZ,25.2,25.2,25.1726,25.2,10315
2024-01-10,RWAYZ,25.2232,25.2232,25.207,25.207,950
2024-01-11,RWAYZ,25.25,25.25,25.2,25.23,1084
2024-01-12,RWAYZ,25.25,25.25,25.2,25.25,4891
2024-01-16,RWAYZ,25.18,25.29,25.18,25.28,1644
2024-01-17,RWAYZ,25.23,25.3176,25.22,25.25,4296
2024-01-18,RWAYZ,25.22,25.3,25.22,25.3,866
2024-01-19,RWAYZ,25.21,25.3,25.21,25.3,2680
2024-01-22,RWAYZ,25.3,25.3,25.2802,25.3,2223
2024-01-23,RWAYZ,25.24,25.3,25.24,25.3,2115
2024-01-24,RWAYZ,25.21,25.3,25.21,25.2679,7002
2024-01-25,RWAYZ,25.3,25.3,25.2,25.2,10414
2024-01-26,RWAYZ,25.21,25.3,25.21,25.3,2214
2024-01-29,RWAYZ,25.3,25.4,25.2501,25.36,13711
2024-01-30,RWAYZ,25.33,25.44,25.33,25.37,2116
2024-01-31,RWAYZ,25.43,25.48,25.35,25.48,5008
2024-02-01,RWAYZ,25.5825,25.7,25.58,25.7,13447
2024-02-02,RWAYZ,25.6,25.65,25.47,25.65,3282
2024-02-05,RWAYZ,25.54,25.615,25.47,25.57,4236
2024-02-06,RWAYZ,25.46,25.46,25.46,25.46,410
2024-02-07,RWAYZ,25.51,25.517,25.37,25.4,3461
2024-02-08,RWAYZ,25.4,25.4686,25.4,25.41,6559
2024-02-09,RWAYZ,25.42,25.42,25.41,25.42,2057
2024-02-12,RWAYZ,25.45,25.57,25.41,25.55,13703
2024-02-13,RWAYZ,25.58,25.585,25.46,25.55,4029
2024-02-14,RWAYZ,25.2,25.23,25.1,25.23,5673
2024-02-15,RWAYZ,25.21,25.34,25.13,25.2254,8828
2024-02-16,RWAYZ,25.25,25.25,25.12,25.12,1779
2024-02-20,RWAYZ,25.16,25.16,25.16,25.16,654
2024-02-21,RWAYZ,25.12,25.16,25.05,25.0999,5804
2024-02-22,RWAYZ,25.12,25.15,25.05,25.05,4133
2024-02-23,RWAYZ,25.06,25.13,25.05,25.06,2186
2024-02-26,RWAYZ,25.08,25.13,25.08,25.13,2100
2024-02-27,RWAYZ,25.1398,25.14,25.1397,25.14,624
2024-02-28,RWAYZ,25.05,25.09,25.05,25.09,3321
2024-02-29,RWAYZ,25.1065,25.14,25.07,25.08,3242
2024-03-01,RWAYZ,25.15,25.15,25.1,25.1,1705
2024-03-04,RWAYZ,25.1,25.1,25.09,25.1,1670
2024-03-05,RWAYZ,25.1,25.1,25.09,25.09,782
2024-03-06,RWAYZ,25.14,25.22,25.09,25.22,7850
2024-03-07,RWAYZ,25.15,25.15,25.15,25.15,292
2024-03-08,RWAYZ,25.13,25.2,25.12,25.15,5993
2024-03-11,RWAYZ,25.13,25.19,25.13,25.19,3609
2024-03-12,RWAYZ,25.22,25.23,25.2,25.21,5938
2024-03-13,RWAYZ,25.23,25.32,25.17,25.17,4648
2024-03-14,RWAYZ,25.2,25.33,25.13,25.14,10498
2024-03-15,RWAYZ,25.15,25.26,25.13,25.13,1250
2024-03-18,RWAYZ,25.13,25.37,25.13,25.28,4953
2024-03-19,RWAYZ,25.22,25.25,25.155,25.16,1422
2024-03-20,RWAYZ,25.16,25.265,25.1599,25.2,5713
2024-03-21,RWAYZ,25.15,25.265,25.15,25.15,5409
2024-03-22,RWAYZ,25.15,25.22,25.15,25.16,2186
2024-03-25,RWAYZ,25.2,25.2,25.15,25.15,729
2024-03-26,RWAYZ,25.15,25.19,25.15,25.16,2205
2024-03-27,RWAYZ,25.2,25.22,25.12,25.12,5417
2024-03-28,RWAYZ,25.14,25.17,25.14,25.17,1425
2024-04-01,RWAYZ,25.13,25.17,25.05,25.135,5395
2024-04-02,RWAYZ,25.11,25.31,25.07,25.07,10390
2024-04-03,RWAYZ,25.17,25.33,25.17,25.21,12975
2024-04-04,RWAYZ,25.21,25.27,25.2,25.2,1796
2024-04-05,RWAYZ,25.33,25.33,25.315,25.32,2115
2024-04-08,RWAYZ,25.38,25.38,25.32,25.32,1795
2024-04-09,RWAYZ,25.32,25.32,25.165,25.19,10316
2024-04-10,RWAYZ,25.15,25.2199,25.15,25.16,4854
2024-04-11,RWAYZ,25.1101,25.2157,25.11,25.15,6596
2024-04-12,RWAYZ,25.33,25.33,25.11,25.25,3425
2024-04-15,RWAYZ,25.22,25.28,25.06,25.2486,2450
2024-04-16,RWAYZ,25.11,25.19,25.1001,25.11,5979
2024-04-17,RWAYZ,25.17,25.17,25.11,25.15,2306
2024-04-18,RWAYZ,25.18,25.18,25.11,25.11,1362
2024-04-19,RWAYZ,25.1,25.14,25.1,25.14,695
2024-04-22,RWAYZ,25.09,25.12,25.09,25.12,1128
2024-04-23,RWAYZ,25.14,25.38,25.14,25.23,12899
2024-04-24,RWAYZ,25.15,25.16,25.03,25.09,9317
2024-04-25,RWAYZ,25.09,25.25,25.07,25.12,3896
2024-04-26,RWAYZ,25.25,25.28,25.19,25.25,1519
2024-04-29,RWAYZ,25.25,25.37,25.22,25.22,2736
2024-04-30,RWAYZ,25.36,25.37,25.16,25.25,6040
2024-05-01,RWAYZ,25.25,25.26,25.2224,25.231,1232
2024-05-02,RWAYZ,25.33,25.36,25.15,25.22,4624
2024-05-03,RWAYZ,25.31,25.36,25.2645,25.2645,1930
2024-05-06,RWAYZ,25.3,25.46,25.2401,25.3607,8369
2024-05-07,RWAYZ,25.36,25.39,25.36,25.37,2919
2024-05-08,RWAYZ,25.45,25.45,25.23,25.38,4472
2024-05-09,RWAYZ,25.23,25.4,25.23,25.31,3370
2024-05-10,RWAYZ,25.35,25.35,25.22,25.3048,8855
2024-05-13,RWAYZ,25.44,25.5202,25.43,25.5,22055
2024-05-14,RWAYZ,25.12,25.19,25.07,25.175,11375
2024-05-15,RWAYZ,25.16,25.24,25.16,25.18,11455
2024-05-16,RWAYZ,25.25,25.27,25.2,25.26,7309
2024-05-17,RWAYZ,25.27,25.33,25.2444,25.33,5080
2024-05-20,RWAYZ,25.3,25.3425,25.2501,25.3,2848
2024-05-21,RWAYZ,25.22,25.26,25.16,25.25,8739
2024-05-22,RWAYZ,25.1601,25.285,25.09,25.16,7399
2024-05-23,RWAYZ,25.25,25.25,25.08,25.1,2501
2024-05-24,RWAYZ,25.25,25.25,25.08,25.17,7018
2024-05-28,RWAYZ,25.23,25.23,25.21,25.23,975
2024-05-29,RWAYZ,25.1,25.25,25.1,25.1601,4665
2024-05-30,RWAYZ,25.24,25.25,25.115,25.2,6060
2024-05-31,RWAYZ,25.1994,25.1994,25.1994,25.1994,225
2024-06-03,RWAYZ,25.2,25.2,25.1671,25.19,3383
2024-06-04,RWAYZ,25.19,25.2,25.19,25.2,1455
2024-06-05,RWAYZ,25.2,25.29,25.17,25.24,1704
2024-06-06,RWAYZ,25.11,25.27,25.1,25.27,2542
2024-06-07,RWAYZ,25.25,25.25,25.13,25.17,1968
2024-06-10,RWAYZ,25.26,25.275,25.14,25.2,3666
2024-06-11,RWAYZ,25.145,25.17,25.11,25.1467,1425
2024-06-12,RWAYZ,25.16,25.25,25.1001,25.19,3155
2024-06-13,RWAYZ,25.22,25.22,25.22,25.22,242
2024-06-14,RWAYZ,25.16,25.3,25.15,25.3,1933
2024-06-17,RWAYZ,25.12,25.23,25.12,25.21,3198
2024-06-18,RWAYZ,25.1,25.1771,25.1,25.17,1654
2024-06-20,RWAYZ,25.1899,25.1899,25.16,25.16,652
2024-06-21,RWAYZ,25.11,25.19,25.11,25.18,1476
2024-06-24,RWAYZ,25.05,25.19,25.05,25.18,8706
2024-06-25,RWAYZ,25.15,25.19,25.15,25.19,914
2024-06-26,RWAYZ,25.19,25.23,25.12,25.17,3078
2024-06-27,RWAYZ,25.19,25.2,25.13,25.17,2957
2024-06-28,RWAYZ,25.14,25.2,25.1301,25.14,2185
2024-07-01,RWAYZ,25.14,25.18,25.11,25.11,7998
2024-07-02,RWAYZ,25.15,25.19,25.09,25.19,4498
2024-07-03,RWAYZ,25.17,25.23,25.15,25.23,2467
2024-07-05,RWAYZ,25.22,25.23,25.195,25.22,2902
2024-07-08,RWAYZ,25.24,25.24,25.15,25.2,7884
2024-07-09,RWAYZ,25.18,25.18,25.15,25.1501,2568
2024-07-10,RWAYZ,25.15,25.15,25.12,25.14,17249
2024-07-11,RWAYZ,25.17,25.17,25.1301,25.1436,5468
2024-07-12,RWAYZ,25.14,25.15,25.1272,25.15,13910
2024-07-15,RWAYZ,25.15,25.2308,25.14,25.15,23534
2024-07-16,RWAYZ,25.28,25.28,25.15,25.23,6050
2024-07-17,RWAYZ,25.2,25.275,25.2,25.26,6014
2024-07-18,RWAYZ,25.29,25.29,25.2307,25.29,3222
2024-07-19,RWAYZ,25.2799,25.3001,25.2501,25.3,1995
2024-07-22,RWAYZ,25.25,25.3,25.18,25.28,2323
2024-07-23,RWAYZ,25.3,25.3,25.24,25.27,3920
2024-07-24,RWAYZ,25.19,25.265,25.19,25.19,4398
2024-07-25,RWAYZ,25.19,25.25,25.19,25.25,933
2024-07-26,RWAYZ,25.21,25.28,25.15,25.25,3869
2024-07-29,RWAYZ,25.27,25.27,25.22,25.22,3564
2024-07-30,RWAYZ,25.26,25.31,25.25,25.2501,5548
2024-07-31,RWAYZ,25.25,25.33,25.25,25.32,1338
2024-08-01,RWAYZ,25.3399,25.34,25.3,25.32,1416
2024-08-02,RWAYZ,25.25,25.3001,25.21,25.21,4047
2024-08-05,RWAYZ,25.27,25.27,25.02,25.15,7441
2024-08-06,RWAYZ,25.15,25.19,25.15,25.15,712
2024-08-07,RWAYZ,25.23,25.23,25.16,25.225,2256
2024-08-08,RWAYZ,25.23,25.31,25.23,25.2578,3460
2024-08-09,RWAYZ,25.2499,25.32,25.2262,25.285,3960
2024-08-12,RWAYZ,25.3,25.34,25.2,25.325,8842
2024-08-13,RWAYZ,25.32,25.32,25.23,25.26,2883
2024-08-14,RWAYZ,25.28,25.39,25.28,25.39,5776
2024-08-15,RWAYZ,24.89,25.04,24.86,24.961,23344
2024-08-16,RWAYZ,25.01,25.01,24.9667,24.9801,10836
2024-08-19,RWAYZ,25.08,25.08,24.972,24.972,3351
2024-08-20,RWAYZ,25.01,25.05,25.0,25.05,10693
2024-08-21,RWAYZ,25.0,25.05,24.97,25.05,3686
2024-08-22,RWAYZ,25.01,25.01,24.87,24.91,9822
2024-08-23,RWAYZ,24.91,24.97,24.85,24.96,14075
2024-08-26,RWAYZ,24.97,25.1,24.9697,25.0772,19440
2024-08-27,RWAYZ,25.09,25.17,25.07,25.15,11195
2024-08-28,RWAYZ,25.15,25.1609,25.08,25.095,3211
2024-08-29,RWAYZ,25.107,25.14,25.0696,25.1399,2691
2024-08-30,RWAYZ,25.01,25.1,25.0,25.05,1761
2024-09-03,RWAYZ,25.13,25.13,25.05,25.1299,4667
2024-09-04,RWAYZ,25.1,25.2,25.07,25.15,8617
2024-09-05,RWAYZ,25.19,25.19,25.1,25.18,3669
2024-09-06,RWAYZ,25.05,25.27,25.05,25.085,3596
2024-09-09,RWAYZ,25.1,25.2012,25.07,25.11,6071
2024-09-10,RWAYZ,25.21,25.27,25.1608,25.22,4407
2024-09-11,RWAYZ,25.25,25.25,25.24,25.24,516
2024-09-12,RWAYZ,25.11,25.21,25.1,25.15,3522
2024-09-13,RWAYZ,25.215,25.245,25.16,25.24,1273
2024-09-16,RWAYZ,25.2,25.23,25.2,25.22,2540
2024-09-17,RWAYZ,25.23,25.34,25.2,25.34,5740
2024-09-18,RWAYZ,25.26,25.26,25.24,25.24,607
2024-09-20,RWAYZ,25.275,25.388,25.275,25.3,3707
2024-09-23,RWAYZ,25.3,25.39,25.17,25.252,4474
2024-09-24,RWAYZ,25.222,25.3,25.2,25.3,2006
2024-09-25,RWAYZ,25.31,25.38,25.23,25.3099,2807
2024-09-26,RWAYZ,25.22,25.3,25.2,25.28,3012
2024-09-27,RWAYZ,25.3899,25.3899,25.25,25.28,1310
2024-09-30,RWAYZ,25.36,25.38,25.36,25.36,920
2024-10-01,RWAYZ,25.36,25.375,25.33,25.36,6007
2024-10-02,RWAYZ,25.36,25.43,25.36,25.4285,7886
2024-10-03,RWAYZ,25.45,25.45,25.3465,25.37,3413
2024-10-04,RWAYZ,25.3,25.36,25.3,25.3261,2031
2024-10-07,RWAYZ,25.32,25.3533,25.32,25.34,3851
2024-10-08,RWAYZ,25.32,25.36,25.19,25.3,4757
2024-10-09,RWAYZ,25.232,25.25,25.22,25.2373,4110
2024-10-10,RWAYZ,25.3699,25.3699,25.1398,25.18,13859
2024-10-11,RWAYZ,25.18,25.24,25.18,25.21,5529
2024-10-14,RWAYZ,25.21,25.36,25.185,25.34,24357
2024-10-15,RWAYZ,25.33,25.4,25.31,25.39,7307
2024-10-16,RWAYZ,25.38,25.38,25.329,25.329,3656
2024-10-17,RWAYZ,25.38,25.38,25.3651,25.3651,1104
2024-10-18,RWAYZ,25.38,25.38,25.38,25.38,459
2024-10-21,RWAYZ,25.41,25.41,25.3201,25.34,2367
2024-10-22,RWAYZ,25.3,25.388,25.28,25.3471,3427
2024-10-23,RWAYZ,25.38,25.38,25.3421,25.35,925
2024-10-24,RWAYZ,25.4,25.4,25.4,25.4,347
2024-10-25,RWAYZ,25.41,25.41,25.21,25.4005,4682
2024-10-28,RWAYZ,25.26,25.41,25.24,25.41,3466
2024-10-29,RWAYZ,25.4,25.4,25.27,25.36,2774
2024-10-30,RWAYZ,25.2999,25.32,25.2999,25.32,2903
2024-10-31,RWAYZ,25.21,25.21,25.21,25.21,1720
2024-11-01,RWAYZ,25.35,25.4,25.29,25.39,1741
2024-11-04,RWAYZ,25.3301,25.4099,25.315,25.39,9170
2024-11-05,RWAYZ,25.38,25.4,25.345,25.38,2589
2024-11-06,RWAYZ,25.4,25.4,25.32,25.32,2098
2024-11-07,RWAYZ,25.4,25.47,25.4,25.47,1460
2024-11-08,RWAYZ,25.46,25.49,25.38,25.49,2149
2024-11-11,RWAYZ,25.4,25.4,25.4,25.4,411
2024-11-12,RWAYZ,25.5099,25.5099,25.45,25.475,916
2024-11-13,RWAYZ,25.41,25.4724,25.41,25.4724,1070
2024-11-14,RWAYZ,25.4728,25.51,25.45,25.51,3824
2024-11-15,RWAYZ,25.09,25.09,25.03,25.03,4295
2024-11-18,RWAYZ,25.06,25.18,25.03,25.03,5036
2024-11-20,RWAYZ,25.041,25.13,25.041,25.13,731
2024-11-21,RWAYZ,25.06,25.06,24.9,24.92,11251
2024-11-22,RWAYZ,24.95,25.0506,24.92,25.0506,6690
2024-11-25,RWAYZ,25.05,25.14,25.045,25.11,11600
2024-11-26,RWAYZ,25.139,25.14,25.1,25.13,9320
2024-11-27,RWAYZ,25.1,25.1856,25.1,25.1856,1095
2024-11-29,RWAYZ,25.1227,25.1227,25.1,25.1,473
2024-12-02,RWAYZ,25.1,25.17,25.1,25.16,3160
2024-12-03,RWAYZ,25.1,25.18,25.05,25.05,7004
2024-12-04,RWAYZ,25.1,25.2,25.1,25.15,5251
2024-12-05,RWAYZ,25.05,25.1801,25.05,25.15,9477
2024-12-06,RWAYZ,25.2,25.24,25.15,25.17,11051
2024-12-09,RWAYZ,25.2,25.2,25.15,25.15,5967
2024-12-10,RWAYZ,25.15,25.1659,25.1,25.15,3072
2024-12-11,RWAYZ,25.12,25.1664,25.1,25.1664,3737
2024-12-12,RWAYZ,25.18,25.18,25.18,25.18,488
2024-12-13,RWAYZ,25.17,25.17,25.1,25.125,4541
2024-12-16,RWAYZ,25.16,25.2,25.12,25.1887,3447
2024-12-17,RWAYZ,25.15,25.15,25.12,25.1499,2478
2024-12-18,RWAYZ,25.15,25.15,25.1,25.1,4418
2024-12-19,RWAYZ,25.1057,25.1057,25.02,25.02,2270
2024-12-20,RWAYZ,25.12,25.12,25.085,25.085,1405
2024-12-23,RWAYZ,25.07,25.12,25.07,25.09,4552
2024-12-24,RWAYZ,25.09,25.15,25.03,25.03,8328
2024-12-26,RWAYZ,25.04,25.12,25.04,25.06,1456
2024-12-27,RWAYZ,25.1,25.12,25.1,25.1067,1187
2024-12-30,RWAYZ,25.08,25.1081,25.03,25.0857,7043
2024-12-31,RWAYZ,25.03,25.1999,25.03,25.1,11084
2025-01-02,RWAYZ,25.1,25.165,25.1,25.155,12297
2025-01-03,RWAYZ,25.1636,25.228,25.16,25.19,12981
2025-01-06,RWAYZ,25.2,25.24,25.185,25.2299,7104
2025-01-07,RWAYZ,25.24,25.24,25.2,25.24,5741
2025-01-08,RWAYZ,25.18,25.2499,25.17,25.225,1728
2025-01-10,RWAYZ,25.2279,25.25,25.202,25.2499,2831
2025-01-13,RWAYZ,25.25,25.25,25.21,25.23,2830
2025-01-14,RWAYZ,25.23,25.24,25.1832,25.24,6912
2025-01-15,RWAYZ,25.2377,25.25,25.1601,25.1601,6055
2025-01-16,RWAYZ,25.19,25.2165,25.19,25.215,1207
2025-01-21,RWAYZ,25.3,25.3,25.24,25.2999,2873
2025-01-22,RWAYZ,25.3,25.304,25.3,25.304,1260
2025-01-23,RWAYZ,25.33,25.38,25.3,25.309,5131
2025-01-24,RWAYZ,25.37,25.37,25.311,25.311,1266
2025-01-27,RWAYZ,25.41,25.41,25.2801,25.34,4924
2025-01-28,RWAYZ,25.35,25.42,25.35,25.3895,3288
2025-01-29,RWAYZ,25.3872,25.42,25.312,25.312,5857
2025-01-30,RWAYZ,25.33,25.4299,25.33,25.37,1493
2025-01-31,RWAYZ,25.4,25.41,25.4,25.41,547
2025-02-03,RWAYZ,25.3737,25.3737,25.35,25.36,1622
2025-02-04,RWAYZ,25.36,25.39,25.36,25.3701,934
2025-02-05,RWAYZ,25.3856,25.4,25.31,25.33,8884
2025-02-06,RWAYZ,25.42,25.4299,25.3852,25.3852,3927
2025-02-07,RWAYZ,25.4186,25.4186,25.39,25.39,2635
2025-02-10,RWAYZ,25.43,25.43,25.4,25.4,4153
2025-02-11,RWAYZ,25.37,25.43,25.36,25.4299,3986
2025-02-12,RWAYZ,25.43,25.505,25.3847,25.4116,20297
2025-02-13,RWAYZ,25.4,25.45,25.39,25.45,4676
2025-02-14,RWAYZ,25.01,25.14,25.01,25.11,12726
2025-02-18,RWAYZ,25.09,25.1,25.01,25.05,4554
2025-02-19,RWAYZ,25.06,25.06,25.05,25.06,11400
2025-02-20,RWAYZ,25.06,25.15,25.05,25.12,14023
2025-02-21,RWAYZ,25.0891,25.178,25.0891,25.173,5581
2025-02-24,RWAYZ,25.15,25.15,25.11,25.135,2579
2025-02-25,RWAYZ,25.15,25.16,25.13,25.13,5181
2025-02-26,RWAYZ,25.15,25.15,25.07,25.1,4330
2025-02-27,RWAYZ,25.148,25.15,25.13,25.13,841
2025-02-28,RWAYZ,25.13,25.18,25.07,25.07,2086
2025-03-03,RWAYZ,25.07,25.19,25.07,25.1548,2368
2025-03-04,RWAYZ,25.1899,25.19,25.142,25.19,3987
2025-03-05,RWAYZ,25.2199,25.2199,25.18,25.1821,1583
2025-03-06,RWAYZ,25.22,25.22,25.09,25.1272,2971
2025-03-07,RWAYZ,25.16,25.16,25.11,25.13,1089
2025-03-10,RWAYZ,25.16,25.2,25.13,25.16,2343
2025-03-11,RWAYZ,25.1301,25.19,25.11,25.1437,2567
2025-03-12,RWAYZ,25.14,25.17,25.14,25.1404,3644
2025-03-13,RWAYZ,25.15,25.15,25.15,25.15,665
2025-03-14,RWAYZ,25.19,25.2,25.1746,25.1749,1838
2025-03-17,RWAYZ,25.2,25.28,25.15,25.25,3611
2025-03-18,RWAYZ,25.202,25.28,25.202,25.28,374
2025-03-19,RWAYZ,25.254,25.28,25.17,25.18,6410
2025-03-21,RWAYZ,25.2899,25.2899,25.19,25.19,1562
2025-03-24,RWAYZ,25.21,25.2486,25.2,25.21,1458
2025-03-25,RWAYZ,25.25,25.2995,25.2499,25.2995,4313
2025-03-26,RWAYZ,25.22,25.34,25.22,25.34,1440
2025-03-27,RWAYZ,25.23,25.2799,25.23,25.2799,492
2025-03-28,RWAYZ,25.26,25.26,25.26,25.26,993
2025-03-31,RWAYZ,25.268,25.268,25.18,25.25,3281
2025-04-01,RWAYZ,25.25,25.32,25.25,25.2798,887
2025-04-03,RWAYZ,25.26,25.338,25.2001,25.25,3216
2025-04-04,RWAYZ,25.22,25.275,25.15,25.15,12581
2025-04-07,RWAYZ,25.0,25.14,24.96,25.02,15090
2025-04-08,RWAYZ,25.17,25.34,25.03,25.095,2381
2025-04-09,RWAYZ,25.055,25.1,24.83,25.0001,11068
2025-04-10,RWAYZ,25.1,25.15,24.9,25.11,10617
2025-04-11,RWAYZ,25.11,25.15,25.01,25.14,3666
2025-04-14,RWAYZ,25.175,25.25,24.83,25.0,6620
2025-04-15,RWAYZ,25.0,25.15,25.0,25.024,2682
2025-04-16,RWAYZ,25.06,25.16,24.9,25.038,6376
2025-04-17,RWAYZ,25.008,25.21,24.935,24.94,6289
2025-04-21,RWAYZ,24.96,25.05,24.91,24.995,8366
2025-04-22,RWAYZ,25.05,25.101,24.95,25.101,2461
2025-04-23,RWAYZ,25.1501,25.2499,25.1501,25.2493,2133
2025-04-24,RWAYZ,25.23,25.24,25.1169,25.17,10172
2025-04-25,RWAYZ,25.205,25.21,25.1701,25.21,864
2025-04-28,RWAYZ,25.12,25.25,25.12,25.2085,1794
2025-04-29,RWAYZ,25.25,25.3189,25.25,25.31,1333
2025-04-30,RWAYZ,25.18,25.2,25.18,25.2,1869
2025-05-02,RWAYZ,25.25,25.3211,25.25,25.2908,2289
2025-05-05,RWAYZ,25.36,25.38,25.3,25.38,2166
2025-05-06,RWAYZ,25.4,25.4,25.29,25.3,1710
2025-05-07,RWAYZ,25.312,25.312,25.312,25.312,405
2025-05-08,RWAYZ,25.3,25.3,25.2901,25.2901,549
2025-05-09,RWAYZ,25.3283,25.3283,25.2901,25.3,1467
2025-05-12,RWAYZ,25.37,25.37,25.31,25.32,844
2025-05-13,RWAYZ,25.33,25.365,25.33,25.365,810
2025-05-14,RWAYZ,25.3622,25.4,25.3622,25.4,539
2025-05-15,RWAYZ,25.05,25.13,25.0,25.07,7055
2025-05-16,RWAYZ,25.04,25.07,25.0101,25.04,5550
2025-05-19,RWAYZ,25.04,25.07,25.0,25.015,4918
2025-05-20,RWAYZ,25.02,25.16,25.0,25.08,12799
2025-05-21,RWAYZ,25.08,25.15,25.07,25.1,3715
2025-05-22,RWAYZ,25.1,25.14,25.07,25.14,2913
2025-05-27,RWAYZ,25.17,25.17,25.1,25.1,2680
2025-05-28,RWAYZ,25.1941,25.1941,25.15,25.15,1926
2025-05-29,RWAYZ,25.166,25.2,25.15,25.15,3581
2025-05-30,RWAYZ,25.22,25.22,25.219,25.219,1235
2025-06-02,RWAYZ,25.22,25.22,25.11,25.11,2356
2025-06-03,RWAYZ,25.1,25.16,25.1,25.15,3549
2025-06-04,RWAYZ,25.11,25.165,25.11,25.165,1990
2025-06-05,RWAYZ,25.16,25.16,25.14,25.1401,2020
2025-06-06,RWAYZ,25.15,25.15,25.1481,25.1481,706
2025-06-09,RWAYZ,25.15,25.16,25.11,25.135,2264
2025-06-10,RWAYZ,25.12,25.12,25.12,25.12,395
2025-06-11,RWAYZ,25.12,25.169,25.12,25.169,508
2025-06-12,RWAYZ,25.16,25.16,25.155,25.155,3625
2025-06-13,RWAYZ,25.15,25.1501,25.08,25.08,1095
2025-06-16,RWAYZ,25.09,25.2201,25.09,25.2201,10653
2025-06-17,RWAYZ,25.27,25.2701,25.2663,25.2701,3001
2025-06-18,RWAYZ,25.27,25.27,25.245,25.27,2540
2025-06-20,RWAYZ,25.25,25.2807,25.25,25.25,4143
2025-06-23,RWAYZ,25.27,25.27,25.26,25.26,735
